序号,操作类型,批次,记录表,记录ID,词库ID,词库名称,word_clean_id,修改前单词,修改后单词,原始中文释义,word_clean中文释义,删除前例句,删除前例句翻译,修复原因,处理结果,事务版本
1,修改原始单词拼写,01-April单项修复,word,78494,36,KaoYan_2,1087,april,April,四月,四月,,,原释义与 word_clean 均为“四月”，修正月份专有名词大小写,已修改并验证,10254094
2,修改原始单词拼写,02-释义完全一致,word,5462,4,SAT_3,685,Aluminum,aluminum,铝,铝,,,原释义与 word_clean 释义完全一致，且修正后无同词库冲突,已修改并验证,10254373
3,修改原始单词拼写,02-释义完全一致,word,14409,9,SAT_2,685,Aluminum,aluminum,铝,铝,,,原释义与 word_clean 释义完全一致，且修正后无同词库冲突,已修改并验证,10254373
4,修改原始单词拼写,02-释义完全一致,word,17238,12,Level8luan_2,14774,phosphorus,Phosphorus,磷,磷,,,原释义与 word_clean 释义完全一致，且修正后无同词库冲突,已修改并验证,10254373
5,修改原始单词拼写,02-释义完全一致,word,18570,12,Level8luan_2,8540,God,god,神；（大写首字母时）上帝；膜拜，崇拜,神；（大写首字母时）上帝；膜拜，崇拜,,,原释义与 word_clean 释义完全一致，且修正后无同词库冲突,已修改并验证,10254373
6,修改原始单词拼写,02-释义完全一致,word,29911,13,GaoZhong_2,10671,internet,Internet,因特网,因特网,,,原释义与 word_clean 释义完全一致，且修正后无同词库冲突,已修改并验证,10254373
7,修改原始单词拼写,02-释义完全一致,word,30089,13,GaoZhong_2,11807,Lost,lost,失去的；丧失的；迷惑的；遗失（lose的过去分词）；失败,失去的；丧失的；迷惑的；遗失（lose的过去分词）；失败,,,原释义与 word_clean 释义完全一致，且修正后无同词库冲突,已修改并验证,10254373
8,修改原始单词拼写,02-释义完全一致,word,30240,13,GaoZhong_2,12870,Mosquito,mosquito,蚊子,蚊子,,,原释义与 word_clean 释义完全一致，且修正后无同词库冲突,已修改并验证,10254373
9,修改原始单词拼写,02-释义完全一致,word,31028,13,GaoZhong_2,17959,Shanghai,shanghai,上海（中国东部港市）,上海（中国东部港市）,,,原释义与 word_clean 释义完全一致，且修正后无同词库冲突,已修改并验证,10254373
10,修改原始单词拼写,02-释义完全一致,word,40673,18,GRE_2,14774,phosphorus,Phosphorus,磷,磷,,,原释义与 word_clean 释义完全一致，且修正后无同词库冲突,已修改并验证,10254373
11,修改原始单词拼写,02-释义完全一致,word,44226,20,PEPXiaoXue4_1,18653,soup,Soup,汤,汤,,,原释义与 word_clean 释义完全一致，且修正后无同词库冲突,已修改并验证,10254373
12,修改原始单词拼写,02-释义完全一致,word,56717,29,Level8_2,8540,God,god,神；（大写首字母时）上帝；膜拜，崇拜,神；（大写首字母时）上帝；膜拜，崇拜,,,原释义与 word_clean 释义完全一致，且修正后无同词库冲突,已修改并验证,10254373
13,修改原始单词拼写,02-释义完全一致,word,60005,29,Level8_2,14774,phosphorus,Phosphorus,磷,磷,,,原释义与 word_clean 释义完全一致，且修正后无同词库冲突,已修改并验证,10254373
14,修改原始单词拼写,02-释义完全一致,word,76499,36,KaoYan_2,10671,internet,Internet,因特网,因特网,,,原释义与 word_clean 释义完全一致，且修正后无同词库冲突,已修改并验证,10254373
15,修改原始单词拼写,02-释义完全一致,word,77366,36,KaoYan_2,12762,monday,Monday,星期一,星期一,,,原释义与 word_clean 释义完全一致，且修正后无同词库冲突,已修改并验证,10254373
16,修改原始单词拼写,02-释义完全一致,word,77749,36,KaoYan_2,19480,sunday,Sunday,星期日；礼拜日,星期日；礼拜日,,,原释义与 word_clean 释义完全一致，且修正后无同词库冲突,已修改并验证,10254373
17,修改原始单词拼写,02-释义完全一致,word,77925,36,KaoYan_2,11059,july,July,七月,七月,,,原释义与 word_clean 释义完全一致，且修正后无同词库冲突,已修改并验证,10254373
18,修改原始单词拼写,02-释义完全一致,word,77978,36,KaoYan_2,20753,tv,TV,电视（television）,电视（television）,,,原释义与 word_clean 释义完全一致，且修正后无同词库冲突,已修改并验证,10254373
19,修改原始单词拼写,02-释义完全一致,word,78151,36,KaoYan_2,17425,saturday,Saturday,星期六,星期六,,,原释义与 word_clean 释义完全一致，且修正后无同词库冲突,已修改并验证,10254373
20,修改原始单词拼写,02-释义完全一致,word,78192,36,KaoYan_2,3285,christmas,Christmas,圣诞节；圣诞节期间,圣诞节；圣诞节期间,,,原释义与 word_clean 释义完全一致，且修正后无同词库冲突,已修改并验证,10254373
21,修改原始单词拼写,02-释义完全一致,word,78409,36,KaoYan_2,17849,september,September,九月,九月,,,原释义与 word_clean 释义完全一致，且修正后无同词库冲突,已修改并验证,10254373
22,修改原始单词拼写,02-释义完全一致,word,78425,36,KaoYan_2,20701,tuesday,Tuesday,星期二,星期二,,,原释义与 word_clean 释义完全一致，且修正后无同词库冲突,已修改并验证,10254373
23,修改原始单词拼写,02-释义完全一致,word,78983,36,KaoYan_2,13452,november,November,十一月,十一月,,,原释义与 word_clean 释义完全一致，且修正后无同词库冲突,已修改并验证,10254373
24,修改原始单词拼写,02-释义完全一致,word,79330,36,KaoYan_2,13622,october,October,[天] 十月,[天] 十月,,,原释义与 word_clean 释义完全一致，且修正后无同词库冲突,已修改并验证,10254373
25,修改原始单词拼写,02-释义完全一致,word,79879,36,KaoYan_2,10941,january,January,一月,一月,,,原释义与 word_clean 释义完全一致，且修正后无同词库冲突,已修改并验证,10254373
26,修改原始单词拼写,02-释义完全一致,word,80056,36,KaoYan_2,7364,february,February,二月,二月,,,原释义与 word_clean 释义完全一致，且修正后无同词库冲突,已修改并验证,10254373
27,修改原始单词拼写,02-释义完全一致,word,80082,36,KaoYan_2,13183,negro,Negro,黑人；黑人的,黑人；黑人的,,,原释义与 word_clean 释义完全一致，且修正后无同词库冲突,已修改并验证,10254373
28,修改原始单词拼写,02-释义完全一致,word,80185,36,KaoYan_2,12166,marxist,Marxist,马克思主义者；马克思主义的,马克思主义者；马克思主义的,,,原释义与 word_clean 释义完全一致，且修正后无同词库冲突,已修改并验证,10254373
29,修改原始单词拼写,02-释义完全一致,word,80247,36,KaoYan_2,3280,christ,Christ,基督；救世主；天啊！,基督；救世主；天啊！,,,原释义与 word_clean 释义完全一致，且修正后无同词库冲突,已修改并验证,10254373
30,修改原始单词拼写,02-释义完全一致,word,80537,36,KaoYan_2,4848,december,December,十二月,十二月,,,原释义与 word_clean 释义完全一致，且修正后无同词库冲突,已修改并验证,10254373
31,修改原始单词拼写,02-释义完全一致,word,80676,36,KaoYan_2,20208,thursday,Thursday,星期四,星期四,,,原释义与 word_clean 释义完全一致，且修正后无同词库冲突,已修改并验证,10254373
32,修改原始单词拼写,02-释义完全一致,word,80770,36,KaoYan_2,6119,easter,Easter,复活节,复活节,,,原释义与 word_clean 释义完全一致，且修正后无同词库冲突,已修改并验证,10254373
33,修改原始单词拼写,02-释义完全一致,word,83056,39,ChuZhong_3,18653,soup,Soup,汤,汤,,,原释义与 word_clean 释义完全一致，且修正后无同词库冲突,已修改并验证,10254373
34,修改原始单词拼写,02-释义完全一致,word,83513,39,ChuZhong_3,12750,mom,Mom,妈妈,妈妈,,,原释义与 word_clean 释义完全一致，且修正后无同词库冲突,已修改并验证,10254373
35,修改原始单词拼写,02-释义完全一致,word,89113,41,GaoZhongluan_2,12870,Mosquito,mosquito,蚊子,蚊子,,,原释义与 word_clean 释义完全一致，且修正后无同词库冲突,已修改并验证,10254373
36,修改原始单词拼写,02-释义完全一致,word,89760,41,GaoZhongluan_2,17959,Shanghai,shanghai,上海（中国东部港市）,上海（中国东部港市）,,,原释义与 word_clean 释义完全一致，且修正后无同词库冲突,已修改并验证,10254373
37,修改原始单词拼写,02-释义完全一致,word,90875,41,GaoZhongluan_2,10671,internet,Internet,因特网,因特网,,,原释义与 word_clean 释义完全一致，且修正后无同词库冲突,已修改并验证,10254373
38,修改原始单词拼写,02-释义完全一致,word,90978,41,GaoZhongluan_2,11807,Lost,lost,失去的；丧失的；迷惑的；遗失（lose的过去分词）；失败,失去的；丧失的；迷惑的；遗失（lose的过去分词）；失败,,,原释义与 word_clean 释义完全一致，且修正后无同词库冲突,已修改并验证,10254373
39,修改原始单词拼写,02-释义完全一致,word,97257,44,TOEFL_3,13195,Neolithic,neolithic,新石器时代的,新石器时代的,,,原释义与 word_clean 释义完全一致，且修正后无同词库冲突,已修改并验证,10254373
40,修改原始单词拼写,02-释义完全一致,word,113788,56,BEC_2,16677,Rep,rep,棱纹平布；雷普（物体伦琴当量）；代表（representative）；名声（reputation）,棱纹平布；雷普（物体伦琴当量）；代表（representative）；名声（reputation）,,,原释义与 word_clean 释义完全一致，且修正后无同词库冲突,已修改并验证,10254373
41,修改原始单词拼写,02-释义完全一致,word,124504,64,TOEFL_2,17426,saturn,Saturn,土星,土星,,,原释义与 word_clean 释义完全一致，且修正后无同词库冲突,已修改并验证,10254373
42,修改原始单词拼写,02-释义完全一致,word,126445,64,TOEFL_2,14774,phosphorus,Phosphorus,磷,磷,,,原释义与 word_clean 释义完全一致，且修正后无同词库冲突,已修改并验证,10254373
43,修改原始单词拼写,02-释义完全一致,word,126854,64,TOEFL_2,17425,saturday,Saturday,星期六,星期六,,,原释义与 word_clean 释义完全一致，且修正后无同词库冲突,已修改并验证,10254373
44,修改原始单词拼写,02-释义完全一致,word,130738,64,TOEFL_2,18653,soup,Soup,汤,汤,,,原释义与 word_clean 释义完全一致，且修正后无同词库冲突,已修改并验证,10254373
45,修改原始单词拼写,02-释义完全一致,word,133543,69,WaiYanSheChuZhong_1,18653,soup,Soup,汤,汤,,,原释义与 word_clean 释义完全一致，且修正后无同词库冲突,已修改并验证,10254373
46,修改原始单词拼写,03-人工同义核验,word,2956,4,SAT_3,14109,Oxygen,oxygen,氧,氧； 氧气,,,原释义与 word_clean 语义一致，且修正后无同词库冲突,已修改并验证,10254615
47,修改原始单词拼写,03-人工同义核验,word,4153,4,SAT_3,10843,Iron,iron,铁,熨烫；铁；熨斗,,,原释义与 word_clean 语义一致，且修正后无同词库冲突,已修改并验证,10254615
48,修改原始单词拼写,03-人工同义核验,word,8787,7,ChuZhongluan_2,18653,soup,Soup,汤，羹；马力；加速；增加马力,汤,,,原释义与 word_clean 语义一致，且修正后无同词库冲突,已修改并验证,10254615
49,修改原始单词拼写,03-人工同义核验,word,9031,7,ChuZhongluan_2,22040,Wheel,wheel,车轮；方向盘；转动；转动；使变换方向；给…装轮子,轮， 车轮； 方向盘,,,原释义与 word_clean 语义一致，且修正后无同词库冲突,已修改并验证,10254615
50,修改原始单词拼写,03-人工同义核验,word,10016,8,PEPGaoZhong_7,17207,Rugby,rugby,（英式）橄榄球,英式橄榄球,,,原释义与 word_clean 语义一致，且修正后无同词库冲突,已修改并验证,10254615
51,修改原始单词拼写,03-人工同义核验,word,10466,9,SAT_2,14109,Oxygen,oxygen,[化学] 氧气，[化学] 氧,氧； 氧气,,,原释义与 word_clean 语义一致，且修正后无同词库冲突,已修改并验证,10254615
52,修改原始单词拼写,03-人工同义核验,word,10662,9,SAT_2,10843,Iron,iron,熨斗；烙铁；坚强；熨；用铁铸成；铁的；残酷的；刚强的,熨烫；铁；熨斗,,,原释义与 word_clean 语义一致，且修正后无同词库冲突,已修改并验证,10254615
53,修改原始单词拼写,03-人工同义核验,word,15428,10,CET6luan_1,1487,Automatically,automatically,自动地；不经思考地,自动地；无意识地,,,原释义与 word_clean 语义一致，且修正后无同词库冲突,已修改并验证,10254615
54,修改原始单词拼写,03-人工同义核验,word,15764,11,BeiShiGaoZhong_3,9729,Iceberg,iceberg,冰山，浮冰,冰山,,,原释义与 word_clean 语义一致，且修正后无同词库冲突,已修改并验证,10254615
55,修改原始单词拼写,03-人工同义核验,word,16999,12,Level8luan_2,15083,Polish,polish,磨光，擦亮；上光剂，擦亮剂；优雅，精良；擦亮，变光滑；波兰的,擦亮， 磨光； 润色,,,原释义与 word_clean 语义一致，且修正后无同词库冲突,已修改并验证,10254615
56,修改原始单词拼写,03-人工同义核验,word,18286,12,Level8luan_2,17379,SAP,sap,[植] 树液；精力，元气；活力；坑道；使衰竭，使伤元气；挖掘以破坏基础,使衰竭；树汁；体液,,,原释义与 word_clean 语义一致，且修正后无同词库冲突,已修改并验证,10254615
57,修改原始单词拼写,03-人工同义核验,word,18376,12,Level8luan_2,18653,soup,Soup,汤，羹；马力；加速；增加马力,汤,,,原释义与 word_clean 语义一致，且修正后无同词库冲突,已修改并验证,10254615
58,修改原始单词拼写,03-人工同义核验,word,18756,12,Level8luan_2,11571,life,Life,生活，生存；寿命,生命；生活,,,原释义与 word_clean 语义一致，且修正后无同词库冲突,已修改并验证,10254615
59,修改原始单词拼写,03-人工同义核验,word,24536,12,Level8luan_2,523,aids,AIDS,艾滋病（Acquired Immune Deficiency Syndrome）；获得性免疫缺乏综合症,艾滋病（后天免疫缺损综合症）；（Acquired Immune Deficiency Syndrome）的缩写,,,原释义与 word_clean 语义一致，且修正后无同词库冲突,已修改并验证,10254615
60,修改原始单词拼写,03-人工同义核验,word,26404,12,Level8luan_2,1141,arctic,Arctic,北极的；极寒的；北极圈；御寒防水套鞋,北极,,,原释义与 word_clean 语义一致，且修正后无同词库冲突,已修改并验证,10254615
61,修改原始单词拼写,03-人工同义核验,word,27622,12,Level8luan_2,17207,Rugby,rugby,英式橄榄球；拉格比（英格兰中部的城市）,英式橄榄球,,,原释义与 word_clean 语义一致，且修正后无同词库冲突,已修改并验证,10254615
62,修改原始单词拼写,03-人工同义核验,word,28500,13,GaoZhong_2,1569,Baby,baby,婴儿，婴孩；孩子气的人；纵容，娇纵；把……当婴儿般对待；婴儿的；幼小的,婴儿；婴孩,,,原释义与 word_clean 语义一致，且修正后无同词库冲突,已修改并验证,10254615
63,修改原始单词拼写,03-人工同义核验,word,29282,13,GaoZhong_2,6068,Dynamic,dynamic,动态的；动力的；动力学的；有活力的；动态；动力,有活力的； 动力的， 动力学的,,,原释义与 word_clean 语义一致，且修正后无同词库冲突,已修改并验证,10254615
64,修改原始单词拼写,03-人工同义核验,word,29283,13,GaoZhong_2,6074,Dynasty,dynasty,王朝，朝代,朝代， 王朝,,,原释义与 word_clean 语义一致，且修正后无同词库冲突,已修改并验证,10254615
65,修改原始单词拼写,03-人工同义核验,word,29443,13,GaoZhong_2,7230,FALSE,false,错误的；虚伪的；伪造的；欺诈地,假的； 不正确的,,,原释义与 word_clean 语义一致，且修正后无同词库冲突,已修改并验证,10254615
66,修改原始单词拼写,03-人工同义核验,word,29880,13,GaoZhong_2,10193,Indicate,indicate,表明；指出；预示；象征,指出， 显示,,,原释义与 word_clean 语义一致，且修正后无同词库冲突,已修改并验证,10254615
67,修改原始单词拼写,03-人工同义核验,word,30053,13,GaoZhong_2,11571,life,Life,生活，生存；寿命,生命；生活,,,原释义与 word_clean 语义一致，且修正后无同词库冲突,已修改并验证,10254615
68,修改原始单词拼写,03-人工同义核验,word,30964,13,GaoZhong_2,17585,Scratch,scratch,擦伤；抓痕；刮擦声；乱写；打草稿用的；凑合的；碰巧的；抓；刮；挖出；乱涂,抓，划破；乱涂；乱写； 抓痕,,,原释义与 word_clean 语义一致，且修正后无同词库冲突,已修改并验证,10254615
69,修改原始单词拼写,03-人工同义核验,word,31177,13,GaoZhong_2,18653,soup,Soup,汤，羹；马力；加速；增加马力,汤,,,原释义与 word_clean 语义一致，且修正后无同词库冲突,已修改并验证,10254615
70,修改原始单词拼写,03-人工同义核验,word,31555,13,GaoZhong_2,20668,TRUE,true,真实的；正确的；真实地；准确地；真实；准确；装准,真正的， 确实的； 正确的,,,原释义与 word_clean 语义一致，且修正后无同词库冲突,已修改并验证,10254615
71,修改原始单词拼写,03-人工同义核验,word,32144,15,WaiYanSheChuZhong_2,11571,life,Life,生活；生命,生命；生活,,,原释义与 word_clean 语义一致，且修正后无同词库冲突,已修改并验证,10254615
72,修改原始单词拼写,03-人工同义核验,word,32372,15,WaiYanSheChuZhong_2,22278,wow,Wow,哇；噢,（表示惊奇或敬佩）哇；呀,,,原释义与 word_clean 语义一致，且修正后无同词库冲突,已修改并验证,10254615
73,修改原始单词拼写,03-人工同义核验,word,32435,15,WaiYanSheChuZhong_2,22024,Western,western,西方的,西方的； 西部的,,,原释义与 word_clean 语义一致，且修正后无同词库冲突,已修改并验证,10254615
74,修改原始单词拼写,03-人工同义核验,word,43933,19,BeiShiGaoZhong_8,13014,Muslim,muslim,穆斯林，伊斯兰教信徒,穆斯林；穆罕默德信徒；伊斯兰教的,,,原释义与 word_clean 语义一致，且修正后无同词库冲突,已修改并验证,10254615
75,修改原始单词拼写,03-人工同义核验,word,44106,19,BeiShiGaoZhong_8,21410,Utopia,utopia,乌托邦，理想中的完美社会,乌托邦（理想中最美好的社会）；理想国,,,原释义与 word_clean 语义一致，且修正后无同词库冲突,已修改并验证,10254615
76,修改原始单词拼写,03-人工同义核验,word,44196,20,PEPXiaoXue4_1,22278,wow,Wow,呀,（表示惊奇或敬佩）哇；呀,,,原释义与 word_clean 语义一致，且修正后无同词库冲突,已修改并验证,10254615
77,修改原始单词拼写,03-人工同义核验,word,44262,21,WaiYanSheChuZhong_5,22278,wow,Wow,呀；哇（用于表示惊讶或赞叹）,（表示惊奇或敬佩）哇；呀,,,原释义与 word_clean 语义一致，且修正后无同词库冲突,已修改并验证,10254615
78,修改原始单词拼写,03-人工同义核验,word,45801,22,CET6_1,1487,Automatically,automatically,自动地；不经思考地,自动地；无意识地,,,原释义与 word_clean 语义一致，且修正后无同词库冲突,已修改并验证,10254615
79,修改原始单词拼写,03-人工同义核验,word,47843,24,Level4_2,8840,Gypsy,gypsy,吉卜赛人；吉卜赛语；像吉布赛的人；歌舞剧中的歌舞队员；象吉卜赛人的；吉卜赛人的；无照的；流浪,吉普赛人,,,原释义与 word_clean 语义一致，且修正后无同词库冲突,已修改并验证,10254615
80,修改原始单词拼写,03-人工同义核验,word,48812,24,Level4_2,15083,Polish,polish,磨光，擦亮；上光剂，擦亮剂；优雅，精良；擦亮，变光滑；波兰的,擦亮， 磨光； 润色,,,原释义与 word_clean 语义一致，且修正后无同词库冲突,已修改并验证,10254615
81,修改原始单词拼写,03-人工同义核验,word,49233,24,Level4_2,17379,SAP,sap,[植] 树液；精力，元气；活力；坑道；使衰竭，使伤元气；挖掘以破坏基础,使衰竭；树汁；体液,,,原释义与 word_clean 语义一致，且修正后无同词库冲突,已修改并验证,10254615
82,修改原始单词拼写,03-人工同义核验,word,52191,29,Level8_2,523,aids,AIDS,艾滋病（Acquired Immune Deficiency Syndrome）；获得性免疫缺乏综合症,艾滋病（后天免疫缺损综合症）；（Acquired Immune Deficiency Syndrome）的缩写,,,原释义与 word_clean 语义一致，且修正后无同词库冲突,已修改并验证,10254615
83,修改原始单词拼写,03-人工同义核验,word,52497,29,Level8_2,1141,arctic,Arctic,北极的；极寒的；北极圈；御寒防水套鞋,北极,,,原释义与 word_clean 语义一致，且修正后无同词库冲突,已修改并验证,10254615
84,修改原始单词拼写,03-人工同义核验,word,58484,29,Level8_2,11571,life,Life,生活，生存；寿命,生命；生活,,,原释义与 word_clean 语义一致，且修正后无同词库冲突,已修改并验证,10254615
85,修改原始单词拼写,03-人工同义核验,word,60156,29,Level8_2,15083,Polish,polish,磨光，擦亮；上光剂，擦亮剂；优雅，精良；擦亮，变光滑；波兰的,擦亮， 磨光； 润色,,,原释义与 word_clean 语义一致，且修正后无同词库冲突,已修改并验证,10254615
86,修改原始单词拼写,03-人工同义核验,word,61249,29,Level8_2,17207,Rugby,rugby,英式橄榄球；拉格比（英格兰中部的城市）,英式橄榄球,,,原释义与 word_clean 语义一致，且修正后无同词库冲突,已修改并验证,10254615
87,修改原始单词拼写,03-人工同义核验,word,61352,29,Level8_2,17379,SAP,sap,[植] 树液；精力，元气；活力；坑道；使衰竭，使伤元气；挖掘以破坏基础,使衰竭；树汁；体液,,,原释义与 word_clean 语义一致，且修正后无同词库冲突,已修改并验证,10254615
88,修改原始单词拼写,03-人工同义核验,word,62099,29,Level8_2,18653,soup,Soup,汤，羹；马力；加速；增加马力,汤,,,原释义与 word_clean 语义一致，且修正后无同词库冲突,已修改并验证,10254615
89,修改原始单词拼写,03-人工同义核验,word,66709,31,GMATluan_2,15735,protestant,Protestant,抗议的；持异议的；新教的；抗议者；持异议者；新教徒,新教的；新教徒的；新教；新教徒,,,原释义与 word_clean 语义一致，且修正后无同词库冲突,已修改并验证,10254615
90,修改原始单词拼写,03-人工同义核验,word,77929,36,KaoYan_2,11067,june,June,六月；琼（女名）,六月；琼（人名，来源于拉丁语，含义是“年轻气盛的六月”）,,,原释义与 word_clean 语义一致，且修正后无同词库冲突,已修改并验证,10254615
91,修改原始单词拼写,03-人工同义核验,word,78739,36,KaoYan_2,18653,soup,Soup,汤，羹；马力；加速；增加马力,汤,,,原释义与 word_clean 语义一致，且修正后无同词库冲突,已修改并验证,10254615
92,修改原始单词拼写,03-人工同义核验,word,79187,36,KaoYan_2,8046,friday,Friday,星期五；忠仆,星期五,,,原释义与 word_clean 语义一致，且修正后无同词库冲突,已修改并验证,10254615
93,修改原始单词拼写,03-人工同义核验,word,79278,36,KaoYan_2,3283,christian,Christian,基督徒，信徒；基督教的；信基督教的,基督教徒的；基督教徒,,,原释义与 word_clean 语义一致，且修正后无同词库冲突,已修改并验证,10254615
94,修改原始单词拼写,03-人工同义核验,word,82128,38,PEPGaoZhong_1,13995,Overcoat,overcoat,大衣；外套,大衣，外套,,,原释义与 word_clean 语义一致，且修正后无同词库冲突,已修改并验证,10254615
95,修改原始单词拼写,03-人工同义核验,word,83267,39,ChuZhong_3,22320,x-ray,X-ray,X射线的， X光的,X射线,,,原释义与 word_clean 语义一致，且修正后无同词库冲突,已修改并验证,10254615
96,修改原始单词拼写,03-人工同义核验,word,84048,39,ChuZhong_3,11571,life,Life,生命， 性命； 一生， 寿命； 生活， 生存； 人生； 生物； 生气， 活力,生命；生活,,,原释义与 word_clean 语义一致，且修正后无同词库冲突,已修改并验证,10254615
97,修改原始单词拼写,03-人工同义核验,word,85109,40,Level4luan_2,17379,SAP,sap,[植] 树液；精力，元气；活力；坑道；使衰竭，使伤元气；挖掘以破坏基础,使衰竭；树汁；体液,,,原释义与 word_clean 语义一致，且修正后无同词库冲突,已修改并验证,10254615
98,修改原始单词拼写,03-人工同义核验,word,85401,40,Level4luan_2,15083,Polish,polish,磨光，擦亮；上光剂，擦亮剂；优雅，精良；擦亮，变光滑；波兰的,擦亮， 磨光； 润色,,,原释义与 word_clean 语义一致，且修正后无同词库冲突,已修改并验证,10254615
99,修改原始单词拼写,03-人工同义核验,word,86947,40,Level4luan_2,8840,Gypsy,gypsy,吉卜赛人；吉卜赛语；像吉布赛的人；歌舞剧中的歌舞队员；象吉卜赛人的；吉卜赛人的；无照的；流浪,吉普赛人,,,原释义与 word_clean 语义一致，且修正后无同词库冲突,已修改并验证,10254615
100,修改原始单词拼写,03-人工同义核验,word,88887,41,GaoZhongluan_2,20668,TRUE,true,真实的；正确的；真实地；准确地；真实；准确；装准,真正的， 确实的； 正确的,,,原释义与 word_clean 语义一致，且修正后无同词库冲突,已修改并验证,10254615
101,修改原始单词拼写,03-人工同义核验,word,90082,41,GaoZhongluan_2,10193,Indicate,indicate,表明；指出；预示；象征,指出， 显示,,,原释义与 word_clean 语义一致，且修正后无同词库冲突,已修改并验证,10254615
102,修改原始单词拼写,03-人工同义核验,word,90378,41,GaoZhongluan_2,6074,Dynasty,dynasty,王朝，朝代,朝代， 王朝,,,原释义与 word_clean 语义一致，且修正后无同词库冲突,已修改并验证,10254615
103,修改原始单词拼写,03-人工同义核验,word,90456,41,GaoZhongluan_2,17585,Scratch,scratch,擦伤；抓痕；刮擦声；乱写；打草稿用的；凑合的；碰巧的；抓；刮；挖出；乱涂,抓，划破；乱涂；乱写； 抓痕,,,原释义与 word_clean 语义一致，且修正后无同词库冲突,已修改并验证,10254615
104,修改原始单词拼写,03-人工同义核验,word,90741,41,GaoZhongluan_2,18653,soup,Soup,汤，羹；马力；加速；增加马力,汤,,,原释义与 word_clean 语义一致，且修正后无同词库冲突,已修改并验证,10254615
105,修改原始单词拼写,03-人工同义核验,word,90840,41,GaoZhongluan_2,1569,Baby,baby,婴儿，婴孩；孩子气的人；纵容，娇纵；把……当婴儿般对待；婴儿的；幼小的,婴儿；婴孩,,,原释义与 word_clean 语义一致，且修正后无同词库冲突,已修改并验证,10254615
106,修改原始单词拼写,03-人工同义核验,word,91230,41,GaoZhongluan_2,11571,life,Life,生活，生存；寿命,生命；生活,,,原释义与 word_clean 语义一致，且修正后无同词库冲突,已修改并验证,10254615
107,修改原始单词拼写,03-人工同义核验,word,91528,41,GaoZhongluan_2,6068,Dynamic,dynamic,动态的；动力的；动力学的；有活力的；动态；动力,有活力的； 动力的， 动力学的,,,原释义与 word_clean 语义一致，且修正后无同词库冲突,已修改并验证,10254615
108,修改原始单词拼写,03-人工同义核验,word,91619,41,GaoZhongluan_2,7230,FALSE,false,错误的；虚伪的；伪造的；欺诈地,假的； 不正确的,,,原释义与 word_clean 语义一致，且修正后无同词库冲突,已修改并验证,10254615
109,修改原始单词拼写,03-人工同义核验,word,93254,43,PEPGaoZhong_2,4707,Czar,czar,沙皇,（帝俄的）沙皇，皇帝；独裁者,,,原释义与 word_clean 语义一致，且修正后无同词库冲突,已修改并验证,10254615
110,修改原始单词拼写,03-人工同义核验,word,93315,43,PEPGaoZhong_2,18924,Stadium,stadium,（露天大型）体育场,体育场,,,原释义与 word_clean 语义一致，且修正后无同词库冲突,已修改并验证,10254615
111,修改原始单词拼写,03-人工同义核验,word,93494,43,PEPGaoZhong_2,11096,karaoke,Karaoke,卡拉OK录音；自动伴奏录音,卡拉OK；卡拉OK录音，自动伴奏录音,,,原释义与 word_clean 语义一致，且修正后无同词库冲突,已修改并验证,10254615
112,修改原始单词拼写,03-人工同义核验,word,94367,44,TOEFL_3,14170,Paleolithic,paleolithic,旧石器时代的；旧石器时代,旧石器时代的,,,原释义与 word_clean 语义一致，且修正后无同词库冲突,已修改并验证,10254615
113,修改原始单词拼写,03-人工同义核验,word,98253,45,CET4luan_2,10994,jewish,Jewish,犹太人的,犹太人的；犹太族的,,,原释义与 word_clean 语义一致，且修正后无同词库冲突,已修改并验证,10254615
114,修改原始单词拼写,03-人工同义核验,word,100571,45,CET4luan_2,12671,Mister,mister,先生,先生；平民；称…先生,,,原释义与 word_clean 语义一致，且修正后无同词库冲突,已修改并验证,10254615
115,修改原始单词拼写,03-人工同义核验,word,101028,45,CET4luan_2,8540,God,god,神，神像；上帝,神；（大写首字母时）上帝；膜拜，崇拜,,,原释义与 word_clean 语义一致，且修正后无同词库冲突,已修改并验证,10254615
116,修改原始单词拼写,03-人工同义核验,word,101377,45,CET4luan_2,11571,life,Life,生命；一生；寿命,生命；生活,,,原释义与 word_clean 语义一致，且修正后无同词库冲突,已修改并验证,10254615
117,修改原始单词拼写,03-人工同义核验,word,103932,49,CET4_2,7230,FALSE,false,不真实的；伪造的,假的； 不正确的,,,原释义与 word_clean 语义一致，且修正后无同词库冲突,已修改并验证,10254615
118,修改原始单词拼写,03-人工同义核验,word,104190,49,CET4_2,8540,God,god,神，神像；上帝,神；（大写首字母时）上帝；膜拜，崇拜,,,原释义与 word_clean 语义一致，且修正后无同词库冲突,已修改并验证,10254615
119,修改原始单词拼写,03-人工同义核验,word,104591,49,CET4_2,10994,jewish,Jewish,犹太人的,犹太人的；犹太族的,,,原释义与 word_clean 语义一致，且修正后无同词库冲突,已修改并验证,10254615
120,修改原始单词拼写,03-人工同义核验,word,104729,49,CET4_2,11571,life,Life,生命；一生；寿命,生命；生活,,,原释义与 word_clean 语义一致，且修正后无同词库冲突,已修改并验证,10254615
121,修改原始单词拼写,03-人工同义核验,word,104947,49,CET4_2,12671,Mister,mister,先生,先生；平民；称…先生,,,原释义与 word_clean 语义一致，且修正后无同词库冲突,已修改并验证,10254615
122,修改原始单词拼写,03-人工同义核验,word,109746,54,BEC_3,16677,Rep,rep,代表,棱纹平布；雷普（物体伦琴当量）；代表（representative）；名声（reputation）,,,原释义与 word_clean 语义一致，且修正后无同词库冲突,已修改并验证,10254615
123,修改原始单词拼写,03-人工同义核验,word,115439,57,WaiYanSheChuZhong_6,22025,Westerner,westerner,西方人,西方人，欧美人；美国西部的人,,,原释义与 word_clean 语义一致，且修正后无同词库冲突,已修改并验证,10254615
124,修改原始单词拼写,03-人工同义核验,word,115440,57,WaiYanSheChuZhong_6,22023,West,west,西方（尤指西欧和北美）,西；西方；在西方的；朝西的,,,原释义与 word_clean 语义一致，且修正后无同词库冲突,已修改并验证,10254615
125,修改原始单词拼写,03-人工同义核验,word,117346,58,CET6_2,1141,arctic,Arctic,北极的；北极,北极,,,原释义与 word_clean 语义一致，且修正后无同词库冲突,已修改并验证,10254615
126,修改原始单词拼写,03-人工同义核验,word,121107,62,PEPChuZhong8_2,22024,Western,western,在西部的；来自西部的；西方的，欧美的,西方的； 西部的,,,原释义与 word_clean 语义一致，且修正后无同词库冲突,已修改并验证,10254615
127,修改原始单词拼写,03-人工同义核验,word,121402,63,PEPGaoZhong_3,5338,Diet,diet,日常饮食；节食,节食；饮食；节食,,,原释义与 word_clean 语义一致，且修正后无同词库冲突,已修改并验证,10254615
128,修改原始单词拼写,03-人工同义核验,word,121634,63,PEPGaoZhong_3,8977,Harbour,harbour,(harbor)海港,港口,,,原释义与 word_clean 语义一致，且修正后无同词库冲突,已修改并验证,10254615
129,修改原始单词拼写,03-人工同义核验,word,121764,64,TOEFL_2,17120,roman,Roman,"罗马(的),罗马人(的)",罗马人；古罗马语；罗马的；罗马人的,,,原释义与 word_clean 语义一致，且修正后无同词库冲突,已修改并验证,10254615
130,修改原始单词拼写,03-人工同义核验,word,122059,64,TOEFL_2,11072,jupiter,Jupiter,木星,[天] 木星；朱庇特（罗马神话中的宙斯神）,,,原释义与 word_clean 语义一致，且修正后无同词库冲突,已修改并验证,10254615
131,修改原始单词拼写,03-人工同义核验,word,122184,64,TOEFL_2,6236,egyptian,Egyptian,埃及人(的),埃及的；埃及人的,,,原释义与 word_clean 语义一致，且修正后无同词库冲突,已修改并验证,10254615
132,修改原始单词拼写,03-人工同义核验,word,122792,64,TOEFL_2,14980,pleistocene,Pleistocene,[地]更新世(的)(一段时期),更新世；更新世岩,,,原释义与 word_clean 语义一致，且修正后无同词库冲突,已修改并验证,10254615
133,修改原始单词拼写,03-人工同义核验,word,122810,64,TOEFL_2,9107,Health,health,健康,健康， 卫生,,,原释义与 word_clean 语义一致，且修正后无同词库冲突,已修改并验证,10254615
134,修改原始单词拼写,03-人工同义核验,word,122981,64,TOEFL_2,15833,pueblo,Pueblo,印第安人村庄,普韦布洛印第安人村落； 普韦布洛人,,,原释义与 word_clean 语义一致，且修正后无同词库冲突,已修改并验证,10254615
135,修改原始单词拼写,03-人工同义核验,word,123125,64,TOEFL_2,21555,venus,Venus,"维纳斯,金星",[天] 金星；维纳斯（爱与美的女神）,,,原释义与 word_clean 语义一致，且修正后无同词库冲突,已修改并验证,10254615
136,修改原始单词拼写,03-人工同义核验,word,123134,64,TOEFL_2,17479,scandinavian,Scandinavian,斯堪的纳维亚人[语],斯堪的纳维亚人；斯堪的纳维亚语；北欧日耳曼语系；斯堪的纳维亚的；斯堪的纳维亚人的；斯堪的纳维亚语的；北欧日耳曼语系的,,,原释义与 word_clean 语义一致，且修正后无同词库冲突,已修改并验证,10254615
137,修改原始单词拼写,03-人工同义核验,word,124930,64,TOEFL_2,6119,easter,Easter,[宗](耶稣)复活节,复活节,,,原释义与 word_clean 语义一致，且修正后无同词库冲突,已修改并验证,10254615
138,修改原始单词拼写,03-人工同义核验,word,125564,64,TOEFL_2,17260,Sac,sac,"〈生〉囊,液囊",囊， 液囊,,,原释义与 word_clean 语义一致，且修正后无同词库冲突,已修改并验证,10254615
139,修改原始单词拼写,03-人工同义核验,word,125778,64,TOEFL_2,18676,Soviet,soviet,苏维埃(的),苏联的；苏维埃的；委员会的；苏维埃（代表会议）；委员会；代表会议,,,原释义与 word_clean 语义一致，且修正后无同词库冲突,已修改并验证,10254615
140,修改原始单词拼写,03-人工同义核验,word,125791,64,TOEFL_2,9990,Impressionism,impressionism,"印象派, 印象主义",印象主义；印象派,,,原释义与 word_clean 语义一致，且修正后无同词库冲突,已修改并验证,10254615
141,修改原始单词拼写,03-人工同义核验,word,126642,64,TOEFL_2,8840,Gypsy,gypsy,"吉普赛人(的),吉普赛语（的）",吉普赛人,,,原释义与 word_clean 语义一致，且修正后无同词库冲突,已修改并验证,10254615
142,修改原始单词拼写,03-人工同义核验,word,126890,64,TOEFL_2,3015,celsius,Celsius,摄氏的,(温度)摄氏的,,,原释义与 word_clean 语义一致，且修正后无同词库冲突,已修改并验证,10254615
143,修改原始单词拼写,03-人工同义核验,word,128165,64,TOEFL_2,12519,Militant,militant,好战的n好斗者,好战的；富有战斗性的人；好斗者；激进分子,,,原释义与 word_clean 语义一致，且修正后无同词库冲突,已修改并验证,10254615
144,修改原始单词拼写,03-人工同义核验,word,128568,64,TOEFL_2,10890,Isle,isle,( 小)岛,岛；使成为岛屿；住在岛屿上,,,原释义与 word_clean 语义一致，且修正后无同词库冲突,已修改并验证,10254615
145,修改原始单词拼写,03-人工同义核验,word,128685,64,TOEFL_2,15902,puritan,Puritan,清教徒 a清教徒的,清教徒的；清教徒,,,原释义与 word_clean 语义一致，且修正后无同词库冲突,已修改并验证,10254615
146,修改原始单词拼写,03-人工同义核验,word,128769,64,TOEFL_2,21411,Utopian,utopian,乌托邦式的，梦想的,乌托邦的， 理想化的,,,原释义与 word_clean 语义一致，且修正后无同词库冲突,已修改并验证,10254615
147,修改原始单词拼写,03-人工同义核验,word,129118,64,TOEFL_2,3283,christian,Christian,"/a基督徒,基督教的",基督教徒的；基督教徒,,,原释义与 word_clean 语义一致，且修正后无同词库冲突,已修改并验证,10254615
148,修改原始单词拼写,03-人工同义核验,word,129290,64,TOEFL_2,10671,internet,Internet,国际互联网，因特网,因特网,,,原释义与 word_clean 语义一致，且修正后无同词库冲突,已修改并验证,10254615
149,修改原始单词拼写,03-人工同义核验,word,129598,64,TOEFL_2,1141,arctic,Arctic,北极的 n北极(圈),北极,,,原释义与 word_clean 语义一致，且修正后无同词库冲突,已修改并验证,10254615
150,修改原始单词拼写,03-人工同义核验,word,130008,64,TOEFL_2,10700,Interstate,interstate,州际的,州际的；州与州之间的；（美）州际公路,,,原释义与 word_clean 语义一致，且修正后无同词库冲突,已修改并验证,10254615
151,修改原始单词拼写,03-人工同义核验,word,130740,64,TOEFL_2,17849,september,September,九月(略作Sep),九月,,,原释义与 word_clean 语义一致，且修正后无同词库冲突,已修改并验证,10254615
152,修改原始单词拼写,03-人工同义核验,word,130885,64,TOEFL_2,15962,quaker,Quaker,"教友派信徒, 贵格会会员",教友派信徒；贵格会教徒,,,原释义与 word_clean 语义一致，且修正后无同词库冲突,已修改并验证,10254615
153,修改原始单词拼写,03-人工同义核验,word,132031,65,ChuZhong_2,18653,soup,Soup,汤，羹；马力；加速；增加马力,汤,,,原释义与 word_clean 语义一致，且修正后无同词库冲突,已修改并验证,10254615
154,修改原始单词拼写,03-人工同义核验,word,132264,65,ChuZhong_2,22040,Wheel,wheel,车轮；方向盘；转动；转动；使变换方向；给…装轮子,轮， 车轮； 方向盘,,,原释义与 word_clean 语义一致，且修正后无同词库冲突,已修改并验证,10254615
155,修改原始单词拼写,03-人工同义核验,word,133129,68,PEPXiaoXue5_1,4805,Dear,dear,亲爱的,亲爱的；尊敬的；昂贵的；高价地；疼爱地；哎呀；亲爱的人,,,原释义与 word_clean 语义一致，且修正后无同词库冲突,已修改并验证,10254615
156,修改原始单词拼写,03-人工同义核验,word,134343,70,PEPChuZhong9_1,19593,Survey,survey,调查,调查；测量；审视；纵览；调查；勘测；俯瞰,,,原释义与 word_clean 语义一致，且修正后无同词库冲突,已修改并验证,10254615
157,修改原始单词拼写,03-人工同义核验,word,136593,71,GMAT_2,15735,protestant,Protestant,抗议的；持异议的；新教的；抗议者；持异议者；新教徒,新教的；新教徒的；新教；新教徒,,,原释义与 word_clean 语义一致，且修正后无同词库冲突,已修改并验证,10254615
158,修改原始单词拼写,03-人工同义核验,word,137854,72,PEPGaoZhong_4,13014,Muslim,muslim,穆斯林（的）；伊斯兰教信徒（的）,穆斯林；穆罕默德信徒；伊斯兰教的,,,原释义与 word_clean 语义一致，且修正后无同词库冲突,已修改并验证,10254615
159,修改原始单词拼写,03-人工同义核验,word,138867,73,IELTS_2,1141,arctic,Arctic,北极的；北极,北极,,,原释义与 word_clean 语义一致，且修正后无同词库冲突,已修改并验证,10254615
160,修改原始单词拼写,03-人工同义核验,word,146992,76,GMAT_3,15735,protestant,Protestant,新教； 新教的,新教的；新教徒的；新教；新教徒,,,原释义与 word_clean 语义一致，且修正后无同词库冲突,已修改并验证,10254615
161,修改原始单词拼写,03-人工同义核验,word,148458,77,PEPChuZhong7_1,12750,mom,Mom,(mum)妈妈,妈妈,,,原释义与 word_clean 语义一致，且修正后无同词库冲突,已修改并验证,10254615
162,修改原始单词拼写,03-人工同义核验,word,148729,77,PEPChuZhong7_1,692,A.M.,a.m.,(a.m.)上午,上午,,,原释义与 word_clean 语义一致，且修正后无同词库冲突,已修改并验证,10254615
163,修改原始单词拼写,03-人工同义核验,word,148730,77,PEPChuZhong7_1,15029,P.M.,p.m.,(p.m.) 下午；午后,下午,,,原释义与 word_clean 语义一致，且修正后无同词库冲突,已修改并验证,10254615
164,修改原始单词拼写,03-人工同义核验,word,152066,78,IELTSluan_2,1141,arctic,Arctic,北极的；北极,北极,,,原释义与 word_clean 语义一致，且修正后无同词库冲突,已修改并验证,10254615
165,修改原始单词拼写,03-人工同义核验,word,152590,80,PEPGaoZhong_9,3726,Commonwealth,commonwealth,联邦,联邦；共和国；国民整体,,,原释义与 word_clean 语义一致，且修正后无同词库冲突,已修改并验证,10254615
166,删除错误最佳例句,04-删除错误最佳例句,word_clean_best_sentence,11366,,,12448,Metro,,,麦德龙,I prefer to take the Metro to work because it avoids traffic jams.,我喜欢乘地铁上班，因为这样可以避开交通堵塞。,word_clean 释义为“麦德龙”，删除前例句表达“地铁”,已删除；word_clean 与5条候选句保留，等待重新造句,
167,删除错误最佳例句,04-删除错误最佳例句,word_clean_best_sentence,15927,,,17033,right,,,直的,Always remember to check your answers to make sure they are right.,请始终检查你的答案以确保它们是正确的。,word_clean 释义为“直的”，删除前例句表达“正确的”,已删除；word_clean 与5条候选句保留，等待重新造句,
168,删除错误最佳例句,04-删除错误最佳例句,word_clean_best_sentence,18948,,,20061,thanksgiving,,,感恩,We celebrate Thanksgiving with a big family dinner.,我们以丰盛的家庭晚餐来庆祝感恩节。,word_clean 释义为“感恩”，删除前例句表达“感恩节”,已删除；word_clean 与5条候选句保留，等待重新造句,
