word,categories,word_clean_id,original_word_rows,candidate_sentence_rows,tts_job_rows,deleted_at
Abigail,人名,37,1,5,1,2026-07-18T13:44:22.959607
Adelaide,地名,293,1,5,1,2026-07-18T13:44:22.959616
Africa,地名,457,10,5,1,2026-07-18T13:44:22.959620
Alabama,地名,558,1,5,1,2026-07-18T13:44:22.959623
Alaska,地名,564,3,5,1,2026-07-18T13:44:22.959626
Albany,地名,566,1,5,1,2026-07-18T13:44:22.959628
Alfred,人名,583,1,5,1,2026-07-18T13:44:22.959630
Alps,地名,662,1,5,1,2026-07-18T13:44:22.959632
Amsterdam,地名,774,2,5,1,2026-07-18T13:44:22.959634
Amy,人名,779,1,5,1,2026-07-18T13:44:22.959637
Andromeda,人名,824,1,5,1,2026-07-18T13:44:22.959639
Annie,人名,863,1,5,1,2026-07-18T13:44:22.959641
Antarctic,地名,899,2,5,1,2026-07-18T13:44:22.959643
Arabia,地名,1101,2,5,1,2026-07-18T13:44:22.959645
Arctic,地名,1141,11,5,1,2026-07-18T13:44:22.959647
Armstrong,人名,1177,1,5,1,2026-07-18T13:44:22.959649
Arthur,人名,1213,1,5,1,2026-07-18T13:44:22.959652
Asia,地名,1249,12,5,1,2026-07-18T13:44:22.959654
Athens,地名,1360,2,5,1,2026-07-18T13:44:22.959656
Atlanta,人名/地名,1366,1,5,1,2026-07-18T13:44:22.959659
Atlantic,地名,1367,10,5,1,2026-07-18T13:44:22.959661
Atticus,人名,1404,1,5,1,2026-07-18T13:44:22.959663
Auckland,地名,1423,1,5,1,2026-07-18T13:44:22.959665
Bahmad,人名,1621,1,5,1,2026-07-18T13:44:22.959667
balkan,地名,1639,1,5,1,2026-07-18T13:44:22.959669
Barcelona,地名,1699,1,5,1,2026-07-18T13:44:22.959671
Becky,人名,1816,1,5,1,2026-07-18T13:44:22.959673
Bering,地名,1938,1,5,1,2026-07-18T13:44:22.959675
Berlin,地名,1940,3,5,1,2026-07-18T13:44:22.959677
Bert,人名,1943,1,5,1,2026-07-18T13:44:22.959679
Billy,人名,2024,1,5,1,2026-07-18T13:44:22.959680
Boston,地名,2288,3,5,1,2026-07-18T13:44:22.959682
Braille,人名,2351,2,5,1,2026-07-18T13:44:22.959684
brea,地名,2385,1,5,1,2026-07-18T13:44:22.959686
Brian,人名,2414,1,5,1,2026-07-18T13:44:22.959688
Buddha,人名,2515,5,5,1,2026-07-18T13:44:22.959690
Buford,人名,2529,1,5,1,2026-07-18T13:44:22.959692
Burgundy,地名,2589,1,5,1,2026-07-18T13:44:22.959694
Caius,人名,2679,1,5,1,2026-07-18T13:44:22.959695
Calgary,地名,2701,1,5,1,2026-07-18T13:44:22.959698
Cali,地名,2702,1,5,1,2026-07-18T13:44:22.959700
California,地名,2707,2,5,1,2026-07-18T13:44:22.959702
Canberra,地名,2755,2,5,1,2026-07-18T13:44:22.959704
Caribbean,地名,2867,1,5,1,2026-07-18T13:44:22.959706
Carl,人名,2871,1,5,1,2026-07-18T13:44:22.959708
Carla,人名,2872,2,5,1,2026-07-18T13:44:22.959709
Carmen,人名,2874,1,5,1,2026-07-18T13:44:22.959711
Caroline,人名,2882,1,5,1,2026-07-18T13:44:22.959713
Casey,人名,2911,1,5,1,2026-07-18T13:44:22.959715
CatherineⅡ,人名,2959,1,5,0,2026-07-18T13:44:22.959717
Chicago,地名,3201,1,5,1,2026-07-18T13:44:22.959720
chicopee,地名,3206,1,5,1,2026-07-18T13:44:22.959721
Chinatown,地名,3230,1,5,1,2026-07-18T13:44:22.959724
Christ,人名,3280,8,5,1,2026-07-18T13:44:22.959726
Christchurch,地名,3281,1,5,1,2026-07-18T13:44:22.959728
chuck,人名,3301,4,5,1,2026-07-18T13:44:22.959729
Cincinnati,地名,3324,1,5,1,2026-07-18T13:44:22.959732
Circe,人名,3331,1,5,1,2026-07-18T13:44:22.959733
Claire,人名,3373,1,5,1,2026-07-18T13:44:22.959735
Clancy,人名,3385,1,5,1,2026-07-18T13:44:22.959737
Clara,人名,3392,1,5,1,2026-07-18T13:44:22.959739
Cordelia,人名,4252,1,5,1,2026-07-18T13:44:22.959741
Cornwall,地名,4271,1,5,1,2026-07-18T13:44:22.959743
Crete,地名,4489,1,5,1,2026-07-18T13:44:22.959745
curt,人名,4652,4,5,1,2026-07-18T13:44:22.959747
Cuzco,地名,4684,1,5,1,2026-07-18T13:44:22.959749
Dan,人名,4737,1,5,1,2026-07-18T13:44:22.959751
Dempsey,人名,5058,1,5,1,2026-07-18T13:44:22.959753
Dollywood,地名,5805,1,5,1,2026-07-18T13:44:22.959755
Elias,人名,6314,1,5,1,2026-07-18T13:44:22.959757
elliot,人名,6325,1,5,1,2026-07-18T13:44:22.959758
Emily,人名,6398,1,5,1,2026-07-18T13:44:22.959760
Euphrates,地名,6814,1,5,1,2026-07-18T13:44:22.959762
Eurasia,地名,6815,1,5,1,2026-07-18T13:44:22.959764
Europe,地名,6820,12,5,1,2026-07-18T13:44:22.959766
Ewell,人名,6874,1,5,1,2026-07-18T13:44:22.959768
Florida,地名,7719,2,5,1,2026-07-18T13:44:22.959770
Freddy,人名,8006,1,5,1,2026-07-18T13:44:22.959772
Futuroscope,地名,8199,1,5,1,2026-07-18T13:44:22.959774
Garcia,人名,8263,1,5,1,2026-07-18T13:44:22.959776
Georgetown,地名,8382,1,5,1,2026-07-18T13:44:22.959777
Georgia,地名,8383,1,5,1,2026-07-18T13:44:22.959779
Goneril,人名,8556,1,5,1,2026-07-18T13:44:22.959781
Greenland,地名,8696,1,5,1,2026-07-18T13:44:22.959783
Greenwich,地名,8697,1,5,1,2026-07-18T13:44:22.959785
Griffin,人名,8712,1,5,1,2026-07-18T13:44:22.959787
hamlin,人名,8912,1,5,1,2026-07-18T13:44:22.959789
Hampshire,地名,8917,1,5,1,2026-07-18T13:44:22.959791
Hannibal,地名,8963,1,5,1,2026-07-18T13:44:22.959793
Hari,人名,9001,1,5,1,2026-07-18T13:44:22.959795
Harlem,地名,9002,1,5,1,2026-07-18T13:44:22.959798
harry,人名,9022,6,5,1,2026-07-18T13:44:22.959800
Hawaii,地名,9061,1,5,1,2026-07-18T13:44:22.959802
Hayes,人名,9066,1,5,1,2026-07-18T13:44:22.959804
Henderson,人名,9211,1,5,1,2026-07-18T13:44:22.959806
Higgins,人名,9287,1,5,1,2026-07-18T13:44:22.959808
Himalaya,地名,9315,1,5,1,2026-07-18T13:44:22.959810
Hippomenes,人名,9332,1,5,1,2026-07-18T13:44:22.959812
Hobart,地名,9366,1,5,1,2026-07-18T13:44:22.959814
Hollywood,地名,9397,2,5,1,2026-07-18T13:44:22.959817
Horace,人名,9483,1,5,1,2026-07-18T13:44:22.959820
Houston,地名,9564,1,5,1,2026-07-18T13:44:22.959822
Hussey,人名,9654,1,5,1,2026-07-18T13:44:22.959824
Illinois,地名,9806,1,5,1,2026-07-18T13:44:22.959826
Indiana,地名,10191,1,5,1,2026-07-18T13:44:22.959828
Indus,地名,10251,1,5,1,2026-07-18T13:44:22.959830
Ithaca,地名,10914,1,5,1,2026-07-18T13:44:22.959833
Jamie,人名,10937,1,5,1,2026-07-18T13:44:22.959835
Janice,人名,10938,1,5,1,2026-07-18T13:44:22.959837
Janson,人名,10940,1,5,1,2026-07-18T13:44:22.959839
Jason,人名,10949,1,5,1,2026-07-18T13:44:22.959841
Jem,人名,10969,1,5,1,2026-07-18T13:44:22.959843
Jerry,人名,10976,1,5,1,2026-07-18T13:44:22.959845
Jessica,人名,10978,1,5,1,2026-07-18T13:44:22.959847
Jesus,人名,10983,6,5,1,2026-07-18T13:44:22.959849
Jewett,人名,10993,1,5,1,2026-07-18T13:44:22.959851
Johannesburg,地名,11014,1,5,1,2026-07-18T13:44:22.959854
Joseph,人名,11025,1,5,1,2026-07-18T13:44:22.959856
Jules,人名,11057,1,5,1,2026-07-18T13:44:22.959860
Julie,人名,11058,2,5,1,2026-07-18T13:44:22.959862
June,人名,11067,14,5,1,2026-07-18T13:44:22.959864
Jupiter,人名,11072,7,5,1,2026-07-18T13:44:22.959866
Kakadu,地名,11091,1,5,1,2026-07-18T13:44:22.959868
Katherine,人名,11100,1,5,1,2026-07-18T13:44:22.959870
Katie,人名,11101,1,5,1,2026-07-18T13:44:22.959872
Kelvin,人名,11112,2,5,1,2026-07-18T13:44:22.959877
Kent,地名,11115,1,5,1,2026-07-18T13:44:22.959879
Kevin,人名,11126,1,5,1,2026-07-18T13:44:22.959881
Kitty,人名,11183,1,5,1,2026-07-18T13:44:22.959883
Konigsberg,地名,11218,1,5,1,2026-07-18T13:44:22.959885
Kosciuszko,地名,11222,1,5,1,2026-07-18T13:44:22.959888
Lausanne,地名,11376,1,5,1,2026-07-18T13:44:22.959890
Leningrad,地名,11484,1,5,1,2026-07-18T13:44:22.959892
lesley,人名,11496,1,5,1,2026-07-18T13:44:22.959894
Lester,人名,11503,1,5,1,2026-07-18T13:44:22.959896
Lia,人名,11532,1,5,1,2026-07-18T13:44:22.959898
Lima,地名,11602,1,5,1,2026-07-18T13:44:22.959901
lomas,地名,11767,1,5,1,2026-07-18T13:44:22.959903
London,地名,11768,9,5,1,2026-07-18T13:44:22.959905
Lori,人名,11803,1,5,1,2026-07-18T13:44:22.959907
Iowa,地名,11829,1,5,0,2026-07-18T13:44:22.959909
Luke,人名,11854,1,5,1,2026-07-18T13:44:22.959911
Macao,地名,11908,1,5,1,2026-07-18T13:44:22.959913
Madison,地名,11929,1,5,1,2026-07-18T13:44:22.959915
Maine,地名,11969,1,5,1,2026-07-18T13:44:22.959917
Manhattan,地名,12055,2,5,1,2026-07-18T13:44:22.959919
Margot,人名,12115,1,5,1,2026-07-18T13:44:22.959921
Maria,人名,12116,1,5,1,2026-07-18T13:44:22.959923
Marie,人名,12117,1,5,1,2026-07-18T13:44:22.959925
Marion,人名,12121,1,5,1,2026-07-18T13:44:22.959927
Mars,人名,12147,9,5,1,2026-07-18T13:44:22.959930
Marseille,地名,12148,1,5,1,2026-07-18T13:44:22.959971
Marty,人名,12159,1,5,1,2026-07-18T13:44:22.959975
Masaccio,人名,12167,1,5,1,2026-07-18T13:44:22.959977
Massachusetts,地名,12179,1,5,1,2026-07-18T13:44:22.959979
Matisse,人名,12214,1,5,1,2026-07-18T13:44:22.959982
Mayella,人名,12243,1,5,1,2026-07-18T13:44:22.959984
Mediterranean,地名,12300,8,5,1,2026-07-18T13:44:22.959986
Mekong,地名,12314,1,5,1,2026-07-18T13:44:22.959988
Melbourne,地名,12319,1,5,1,2026-07-18T13:44:22.959990
Miami,地名,12456,1,5,1,2026-07-18T13:44:22.959993
Michelangelo,人名,12461,1,5,1,2026-07-18T13:44:22.959995
Michigan,地名,12462,1,5,1,2026-07-18T13:44:22.959997
Midlands,地名,12489,1,5,1,2026-07-18T13:44:22.959999
Minneapolis,地名,12576,1,5,1,2026-07-18T13:44:22.960001
Minnesota,地名,12577,1,5,1,2026-07-18T13:44:22.960004
Mississippi,地名,12662,2,5,1,2026-07-18T13:44:22.960006
Missouri,地名,12665,2,5,1,2026-07-18T13:44:22.960008
Monet,人名,12763,1,5,1,2026-07-18T13:44:22.960010
Monroe,人名,12796,1,5,1,2026-07-18T13:44:22.960012
Montgomery,地名,12802,1,5,1,2026-07-18T13:44:22.960015
Moscow,地名,12867,4,5,1,2026-07-18T13:44:22.960017
Munich,地名,12985,1,5,1,2026-07-18T13:44:22.960019
Nagoya,地名,13065,1,5,1,2026-07-18T13:44:22.960021
Napier,人名/地名,13080,1,5,1,2026-07-18T13:44:22.960024
Nevada,地名,13241,1,5,1,2026-07-18T13:44:22.960026
Niagara,地名,13262,1,5,1,2026-07-18T13:44:22.960028
Nullarbor,地名,13479,1,5,1,2026-07-18T13:44:22.960030
Oakland,地名,13519,1,5,1,2026-07-18T13:44:22.960032
Oceania,地名,13614,8,5,1,2026-07-18T13:44:22.960034
Odysseus,人名,13639,1,5,1,2026-07-18T13:44:22.960036
ogallala,地名,13673,1,5,1,2026-07-18T13:44:22.960038
Ohio,地名,13677,1,5,1,2026-07-18T13:44:22.960040
Oklahoma,地名,13686,1,5,1,2026-07-18T13:44:22.960042
Oliver,人名,13695,1,5,1,2026-07-18T13:44:22.960044
Ontario,地名,13733,1,5,1,2026-07-18T13:44:22.960046
Oregon,地名,13831,1,5,1,2026-07-18T13:44:22.960049
Orson,人名,13870,1,5,1,2026-07-18T13:44:22.960051
Oscar,人名,13876,1,5,1,2026-07-18T13:44:22.960053
Oswald,人名,13894,1,5,1,2026-07-18T13:44:22.960056
Ottawa,地名,13900,3,5,1,2026-07-18T13:44:22.960058
Pacific,地名,14121,5,5,1,2026-07-18T13:44:22.960061
paddy,人名,14135,2,5,1,2026-07-18T13:44:22.960064
Pam,人名,14187,1,5,1,2026-07-18T13:44:22.960067
Paris,人名/地名,14276,4,5,1,2026-07-18T13:44:22.960069
Patricia,人名,14391,1,5,1,2026-07-18T13:44:22.960071
Paula,人名,14408,1,5,1,2026-07-18T13:44:22.960073
Pausanias,人名,14410,1,5,1,2026-07-18T13:44:22.960075
Pearce,人名,14446,1,5,1,2026-07-18T13:44:22.960078
Penelope,人名,14514,1,5,1,2026-07-18T13:44:22.960080
Pennsylvania,地名,14529,1,5,1,2026-07-18T13:44:22.960082
Perseus,人名,14645,1,5,1,2026-07-18T13:44:22.960084
Perth,地名,14681,1,5,1,2026-07-18T13:44:22.960087
Philadelphia,地名,14745,2,5,1,2026-07-18T13:44:22.960089
Picasso,人名,14812,2,5,1,2026-07-18T13:44:22.960091
Pickering,人名,14816,1,5,1,2026-07-18T13:44:22.960093
Pompeii,地名,15122,1,5,1,2026-07-18T13:44:22.960095
Procrustes,人名,15567,1,5,1,2026-07-18T13:44:22.960097
Puno,地名,15883,1,5,1,2026-07-18T13:44:22.960099
Pygmalion,人名,15939,1,5,1,2026-07-18T13:44:22.960101
Qomolangma,地名,15949,1,5,1,2026-07-18T13:44:22.960103
quincy,地名,16019,1,5,1,2026-07-18T13:44:22.960105
Regan,人名,16488,1,5,1,2026-07-18T13:44:22.960106
Reykjavik,地名,16984,1,5,1,2026-07-18T13:44:22.960109
Roderick,人名,17110,1,5,1,2026-07-18T13:44:22.960110
roger,人名,17112,2,5,1,2026-07-18T13:44:22.960112
Rome,地名,17128,5,5,1,2026-07-18T13:44:22.960114
Rosalyn,人名,17142,1,5,1,2026-07-18T13:44:22.960116
Rusia,地名,17238,2,5,1,2026-07-18T13:44:22.960118
Sally,人名,17326,1,5,1,2026-07-18T13:44:22.960120
Sam,人名,17344,1,5,1,2026-07-18T13:44:22.960122
Samuel,人名,17350,1,5,1,2026-07-18T13:44:22.960124
Sanders,人名,17363,1,5,1,2026-07-18T13:44:22.960126
sandy,人名,17367,5,5,1,2026-07-18T13:44:22.960128
Satan,人名,17399,4,5,1,2026-07-18T13:44:22.960130
Sato,人名,17421,1,5,1,2026-07-18T13:44:22.960131
scandinavia,地名,17478,1,5,1,2026-07-18T13:44:22.960133
Scrooge,人名,17605,1,5,1,2026-07-18T13:44:22.960135
Seattle,地名,17673,2,5,1,2026-07-18T13:44:22.960137
Serena,人名,17864,1,5,1,2026-07-18T13:44:22.960139
Shakespeare,人名,17942,2,5,1,2026-07-18T13:44:22.960141
shanghai,地名,17959,4,5,1,2026-07-18T13:44:22.960143
Shipley,人名,18017,1,5,1,2026-07-18T13:44:22.960145
Sicily,地名,18118,1,5,1,2026-07-18T13:44:22.960147
Sinis,人名,18222,1,5,1,2026-07-18T13:44:22.960149
Slade,人名,18307,1,5,1,2026-07-18T13:44:22.960151
smith,人名,18432,4,5,1,2026-07-18T13:44:22.960153
Sol,人名,18560,2,5,1,2026-07-18T13:44:22.960156
Sophie,人名,18624,1,5,1,2026-07-18T13:44:22.960158
Southerton,人名,18667,1,5,1,2026-07-18T13:44:22.960159
Stamford,地名,18954,1,5,1,2026-07-18T13:44:22.960161
Stonehenge,地名,19127,1,5,1,2026-07-18T13:44:22.960163
Stratford-on-Avon,地名,19185,1,5,1,2026-07-18T13:44:22.960166
sue,人名,19409,12,5,1,2026-07-18T13:44:22.960168
Sydney,地名,19678,1,5,1,2026-07-18T13:44:22.960170
Tahiti,地名,19767,1,5,1,2026-07-18T13:44:22.960172
Tasmania,地名,19846,1,5,1,2026-07-18T13:44:22.960174
Telemachus,人名,19921,1,5,1,2026-07-18T13:44:22.960180
Tennessee,地名,19977,1,5,1,2026-07-18T13:44:22.960182
Texas,地名,20044,2,5,1,2026-07-18T13:44:22.960184
Thames,地名,20055,1,5,1,2026-07-18T13:44:22.960186
Theseus,人名,20118,1,5,1,2026-07-18T13:44:22.960188
Tibet,地名,20214,3,5,1,2026-07-18T13:44:22.960190
Tim,人名,20240,1,5,1,2026-07-18T13:44:22.960192
Timor,地名,20255,1,5,1,2026-07-18T13:44:22.960195
Tokyo,地名,20315,2,5,1,2026-07-18T13:44:22.960197
tom,人名,20323,2,5,1,2026-07-18T13:44:22.960199
Toronto,地名,20366,3,5,1,2026-07-18T13:44:22.960201
Transkei,地名,20502,1,5,1,2026-07-18T13:44:22.960203
Trent,人名,20576,1,5,1,2026-07-18T13:44:22.960205
Trinidad,地名,20614,1,5,1,2026-07-18T13:44:22.960207
Turner,人名,20732,2,5,1,2026-07-18T13:44:22.960209
Turpan,地名,20738,1,5,1,2026-07-18T13:44:22.960211
Uluru,地名,20816,1,5,1,2026-07-18T13:44:22.960216
Utah,地名,21400,1,5,1,2026-07-18T13:44:22.960218
Vancouver,地名,21463,2,5,1,2026-07-18T13:44:22.960220
Venice,地名,21539,1,5,1,2026-07-18T13:44:22.960222
Venus,人名,21555,7,5,1,2026-07-18T13:44:22.960225
Washington,地名,21899,1,5,1,2026-07-18T13:44:22.960227
weldon,人名,22001,1,5,1,2026-07-18T13:44:22.960229
welland,地名,22006,1,5,1,2026-07-18T13:44:22.960231
Whitney,人名,22083,1,5,1,2026-07-18T13:44:22.960233
Yorkshire,地名,22364,1,5,1,2026-07-18T13:44:22.960235
Yucatan,地名,22377,1,5,1,2026-07-18T13:44:22.960237
zagros,地名,22381,1,5,1,2026-07-18T13:44:22.960239
Zealand,地名,22386,1,5,1,2026-07-18T13:44:22.960241
