category,subtype,word_clean_id,word,meaning,best_sentence,sentence_translation,confidence,note
人名,名字,37,Abigail,阿比盖尔（女名）,Abigail always arrives early to organize the books before the library opens to the public.,阿比盖尔总是在图书馆向公众开放前早早到达整理书籍。,高,
人名,名字,583,Alfred,艾尔弗雷德（男名）,Alfred always arrives ten minutes early to prepare for his morning meetings.,艾尔弗雷德总是提前十分钟到达，为晨会做准备。,高,
人名,名字,779,Amy,艾米（女名）,Amy always arrives at school early to help her teacher prepare the lessons.,艾米总是早早到校帮助老师备课。,高,
人名,文学/神话人物,824,Andromeda,"埃塞俄比亚的公主, 仙女座",Astronomers study the Andromeda galaxy to learn more about how stars form.,天文学家研究仙女座星系以了解恒星是如何形成的。,高,
人名,名字,863,Annie,安妮（女名）,"Annie is my best friend, and we have known each other since childhood.",安妮是我最好的朋友，我们从小就认识。,高,
人名,姓氏,1177,Armstrong,阿姆斯特朗（姓）,Neil Armstrong was the first person to walk on the moon.,尼尔·阿姆斯特朗是第一个在月球上行走的人。,高,
人名,名字,1213,Arthur,亚瑟,Arthur is the main character in many classic stories.,亚瑟是许多经典故事中的主角。,高,
人名,兼有地名义的人名,1366,Atlanta,亚特兰大（女名；城市名）,Atlanta is the capital of the state of Georgia in the United States.,亚特兰大是美国佐治亚州的首府。,中,同一词条兼有人名和地名义
人名,名字,1404,Atticus,阿提斯库,Atticus Finch is a famous character from the novel 'To Kill a Mockingbird'.,阿提克斯·芬奇是小说《杀死一只知更鸟》中的著名人物。,高,
人名,姓氏,1621,Bahmad,巴姆德（姓）,Mr. Bahmad is a well-known researcher in our department.,巴姆德先生是我们系里著名的研究员。,高,
人名,名字,1816,Becky,贝姬（女名）,Becky always brings homemade cookies to share with her classmates.,贝姬总是带自制饼干和同学分享。,高,
人名,名字,1943,Bert,伯特（男名）,Bert is a common nickname for people named Robert or Albert.,伯特是罗伯特或阿尔伯特等名字的常见昵称。,高,
人名,名字,2024,Billy,比利（男名）,Billy always brings his favorite comic books to school every Monday morning.,比利每周一早上都会把他最喜欢的漫画书带到学校。,高,
人名,历史/艺术人物,2351,Braille,用盲字印；布莱叶（法国盲人教育家）；盲人用点字法,Blind people read books written in Braille by touching the raised dots.,盲人通过触摸凸起的点来阅读用布莱叶盲文写的书。,高,
人名,名字,2414,Brian,布莱恩（男名）,Brian arrived at the meeting five minutes early to set up the projector.,布莱恩提前五分钟到达会议现场架设投影仪。,高,
人名,宗教/神话人物,2515,Buddha,佛陀；佛像,Many visitors come to the temple to pay respects to the golden Buddha statue.,许多游客来到寺庙向金色佛像致敬。,高,
人名,兼有普通词义的人名,2529,Buford,布福德（姓氏；男名）,Mr. Buford is the new principal of our school.,布福德先生是我们学校的新校长。,中,
人名,名字,2679,Caius,凯厄斯,Caius is an ancient Roman name that is rarely used today.,凯厄斯是一个古罗马名字，如今很少使用。,高,
人名,名字,2871,Carl,卡尔（男名）,Carl always arrives early to work and helps his colleagues set up the meeting room.,卡尔总是提前到达工作岗位，并帮助同事布置会议室。,高,
人名,名字,2872,Carla,卡拉（女名）,Carla invited us to her birthday party next Saturday.,卡拉邀请我们参加她下周六的生日派对。,高,
人名,名字,2874,Carmen,卡门（女名）,Carmen loves traveling and has visited over twenty countries around the world.,卡门喜欢旅行，已经访问过世界上二十多个国家。,高,
人名,名字,2882,Caroline,卡罗琳,Caroline always brings delicious homemade cookies to the office on Fridays.,卡罗琳总是在周五给办公室带来美味的自制饼干。,高,
人名,姓氏,2911,Casey,凯西（姓）,Casey decided to move to a new city to start a fresh career in design.,凯西决定搬到一个新城市，在设计领域开启全新的职业生涯。,高,
人名,历史/艺术人物,2959,CatherineⅡ,叶卡捷琳娜二世（俄国女皇）,"CatherineⅡ, also known as Catherine the Great, expanded the Russian Empire.",叶卡捷琳娜二世，也被称为叶卡捷琳娜大帝，扩张了俄罗斯帝国。,高,
人名,宗教/神话人物,3280,Christ,基督；救世主；天啊！,"For Christians, Christ is the central figure of their faith.",对基督徒来说，基督是他们信仰的核心人物。,中,属于宗教或神话专名，不是现实人物姓名
人名,兼有普通词义的人名,3301,chuck,[机] 卡盘；抚弄；赶走；恰克（人名）；丢弃，抛掷；驱逐；轻拍,Please chuck those old magazines in the recycling bin.,请把那些旧杂志扔进回收箱里。,中,最佳例句当前使用普通词义，人名义需人工决定是否清理
人名,文学/神话人物,3331,Circe,瑟茜（希腊神话女巫，有把人变成猪的法术）,"In Greek mythology, Circe used her magic to turn sailors into pigs.",在希腊神话中，瑟茜用她的魔法把水手变成了猪。,高,
人名,名字,3373,Claire,克莱尔（女名）,Claire always brings homemade cookies to share with her classmates every Friday.,克莱尔每个星期五都会带自制饼干和同学们分享。,高,
人名,名字,3385,Clancy,克兰西（男名）,My neighbor Clancy always helps elderly people carry their groceries up the stairs.,我的邻居克兰西总是帮助老年人把杂货提上楼梯。,高,
人名,名字,3392,Clara,克拉拉（女名）,Clara carefully organized her study notes before the final examination week.,克拉拉在期末考试周前仔细整理了自己的学习笔记。,高,
人名,文学/神话人物,4252,Cordelia,科迪莉亚,Cordelia is a character in Shakespeare's play King Lear.,科迪莉亚是莎士比亚戏剧《李尔王》中的一个角色。,高,
人名,兼有普通词义的人名,4652,curt,简略的；简要的；草率的；简单粗暴的；(Curt)人名；(法)屈尔；(英)柯特；(德、西、芬、罗、瑞典)库尔特,Her curt reply made it clear that she did not want to continue the conversation.,她简短生硬的回复表明她不想继续谈话。,中,最佳例句当前使用普通词义，人名义需人工决定是否清理
人名,名字,4737,Dan,丹 • 德维什,Dan decided to take a long vacation after finishing his major project.,丹在完成他的主要项目后决定休一个长假。,高,
人名,姓氏,5058,Dempsey,登普西（姓）,Jack Dempsey was a legendary boxer who inspired many young fighters in his time.,杰克·登普西是一位传奇拳击手，在当时激励了许多年轻拳手。,高,
人名,名字,6314,Elias,伊莱亚斯（男名）,Elias is a common name in many European countries.,伊莱亚斯在许多欧洲国家是一个常见的名字。,高,
人名,名字,6325,elliot,埃利奥特(男子名),Elliot decided to move to the countryside after retiring from his busy city job.,埃利奥特从繁忙的城市工作退休后，决定搬到乡下居住。,高,
人名,名字,6398,Emily,埃米莉（女名）,Emily always brings homemade cookies to share with her classmates every Friday.,艾米丽每周五都会带自制饼干与同学分享。,高,
人名,姓氏,6874,Ewell,尤厄尔,Bob Ewell is a character in the novel To Kill a Mockingbird.,鲍勃·尤厄尔是小说《杀死一只知更鸟》中的一个人物。,高,
人名,名字,8006,Freddy,弗雷迪（男名）,Freddy is my neighbor's son who plays the guitar very well.,弗雷迪是我邻居的儿子，吉他弹得非常好。,高,
人名,姓氏,8263,Garcia,加西亚（姓）,Mr. Garcia is our new history teacher who tells fascinating stories.,加西亚先生是我们新来的历史老师，他讲的故事非常引人入胜。,高,
人名,文学/神话人物,8556,Goneril,贡纳莉,"In King Lear, Goneril shows great ambition and cruelty toward her father.",在《李尔王》中，贡纳莉对父亲表现出极大的野心和残忍。,高,
人名,姓氏,8712,Griffin,格里芬（姓）,Mr. Griffin taught history at the high school for over thirty years.,格里芬先生在这所高中教历史三十多年了。,高,
人名,姓氏,8912,hamlin,哈姆林（姓氏）,Mr. Hamlin is a respected teacher who has worked at the school for twenty years.,哈姆林先生是一位受人尊敬的老师，在这所学校工作了二十年。,高,
人名,名字,9001,Hari,哈利（男名）,My friend Hari enjoys playing cricket with us every weekend.,我的朋友哈利每个周末都喜欢和我们一起打板球。,高,
人名,兼有普通词义的人名,9022,harry,折磨；掠夺；骚扰；使苦恼；(Harry)人名；(英)哈里，哈丽(女名)(教名Henry、Harriet的昵称),The rebel forces continued to harry the government troops throughout the night.,叛军整夜不断骚扰政府军。,中,最佳例句当前使用普通词义，人名义需人工决定是否清理
人名,姓氏,9066,Hayes,海斯（姓）,Mr. Hayes moved to Chicago last year to work at a new marketing firm.,海斯先生去年搬到了芝加哥，在一家新的营销公司工作。,高,
人名,姓氏,9211,Henderson,亨德森（姓氏）,Mr. Henderson has been our family doctor for over twenty years.,亨德森先生担任我们的家庭医生已经超过二十年了。,高,
人名,姓氏,9287,Higgins,希金斯 （姓）,Professor Higgins is famous for his work on phonetics.,希金斯教授因其在语音学方面的工作而闻名。,高,
人名,文学/神话人物,9332,Hippomenes,希波墨涅斯（男名；古希腊人名）,"In the myth, Hippomenes used golden apples to win the race against Atalanta.",在神话中，希波墨涅斯用金苹果赢得了与阿塔兰忒的赛跑。,高,
人名,名字,9483,Horace,霍勒斯（男名）,Horace spent his entire childhood reading classical poetry under the old oak tree.,霍勒斯整个童年都在那棵老橡树下阅读古典诗歌。,高,
人名,姓氏,9654,Hussey,赫西,Mr. Hussey arrived at the office ten minutes early every single day.,赫西先生每天提前十分钟到达办公室。,高,
人名,名字,10937,Jamie,杰米（男名）,Jamie always brings homemade cookies to share with his classmates during lunch.,杰米总是在午餐时带自制饼干与同学分享。,高,
人名,名字,10938,Janice,贾尼丝（女名）,Janice practiced the piano for two hours before her recital last night.,昨晚演出前，贾尼丝练习了两个小时钢琴。,高,
人名,姓氏,10940,Janson,詹森（姓）,Mr. Janson is the new history teacher at our school.,詹森先生是我们学校新来的历史老师。,高,
人名,名字,10949,Jason,杰森（男名）,Jason saved enough money from his part-time job to buy a new laptop.,杰森从兼职工作中存够了钱买一台新笔记本电脑。,高,
人名,名字,10969,Jem,杰姆,"Jem is my brother's nickname, short for Jeremy.",杰姆是我哥哥的昵称，是杰里米的简称。,高,
人名,名字,10976,Jerry,杰里（男名）；杰丽（女名）,Jerry always brings a smile to our faces with his cheerful jokes.,杰里总是用他愉快的笑话给我们大家带来笑容。,高,
人名,名字,10978,Jessica,杰茜卡（女名）,Jessica works as a nurse at the hospital.,杰茜卡在医院当护士。,高,
人名,宗教/神话人物,10983,Jesus,耶稣（上帝之子）；杰西（男子名）,Jesus is a central figure in Christianity.,耶稣是基督教的核心人物。,高,
人名,姓氏,10993,Jewett,朱厄特（姓氏）,Sarah Orne Jewett was a famous American writer of regional fiction.,萨拉·奥恩·朱厄特是美国著名的乡土小说作家。,高,
人名,名字,11025,Joseph,约瑟夫,Joseph always arrives ten minutes early to prepare for his presentations.,约瑟夫总是提前十分钟到达，为他的演讲做准备。,高,
人名,名字,11057,Jules,朱尔斯（男子名）,My friend Jules loves to travel to different countries every summer.,我的朋友朱尔斯喜欢每年夏天去不同的国家旅行。,高,
人名,名字,11058,Julie,朱莉（女名）,Julie baked a delicious chocolate cake for her neighbor's birthday party.,朱莉为邻居的生日派对烤了一个美味的巧克力蛋糕。,高,
人名,兼有普通词义的人名,11067,June,六月；琼（人名，来源于拉丁语，含义是“年轻气盛的六月”）,We plan to visit our grandparents every June to celebrate their anniversary.,我们计划每年六月去探望祖父母以庆祝他们的结婚纪念日。,中,
人名,宗教/神话人物,11072,Jupiter,[天] 木星；朱庇特（罗马神话中的宙斯神）,Astronomers use powerful telescopes to observe the storms on Jupiter.,天文学家使用强大的望远镜观察木星上的风暴。,中,属于宗教或神话专名，不是现实人物姓名
人名,名字,11100,Katherine,凯瑟琳（女子名）,Katherine always arrives early to class and takes detailed notes during every lecture.,凯瑟琳总是提前到达教室，并在每堂课上做详细的笔记。,高,
人名,名字,11101,Katie,凯蒂（女名）,Katie baked a delicious chocolate cake to celebrate her friend's birthday.,凯蒂烤了一个美味的巧克力蛋糕来庆祝她朋友的生日。,高,
人名,历史/艺术人物,11112,Kelvin,绝对温标；凯尔文（男子名）；[热] 开尔文（英国物理学家，数学家）；开氏度的（常作K-）,Scientists often measure extremely low temperatures using the Kelvin scale.,科学家通常使用开尔文温标来测量极低的温度。,高,
人名,名字,11126,Kevin,凯文（男名）,Kevin arrived early to help set up the chairs for the community meeting.,凯文提前到达，帮忙为社区会议摆放椅子。,高,
人名,名字,11183,Kitty,基蒂（女名）,Kitty always brings homemade cookies to share with her classmates.,基蒂总是带自制饼干和同学分享。,高,
人名,名字,11496,lesley,莱斯利（女子名）,Lesley always arrives at the office early because she enjoys organizing her desk before the day begins.,莱斯利总是提前到达办公室，因为她喜欢在一天开始前整理自己的办公桌。,高,
人名,兼有普通词义的人名,11503,Lester,莱斯特（姓错；男名）,My friend Lester loves playing guitar in his free time.,我的朋友莱斯特喜欢在空闲时间弹吉他。,中,
人名,名字,11532,Lia,莉亚（女名）,Lia practiced the piano every evening until she finally mastered the difficult piece for her recital.,莉亚每天晚上练习钢琴，直到她终于掌握了独奏会上那首困难的曲子。,高,
人名,名字,11803,Lori,罗丽（女名）,Lori is my best friend from college.,罗丽是我大学最好的朋友。,高,
人名,名字,11854,Luke,卢克（男名）,Luke always arrives ten minutes early to meetings to show his respect for others' time.,卢克总是提前十分钟到达会议，以表示对他人的尊重。,高,
人名,名字,12115,Margot,玛戈（女名）,Margot invited us to her birthday party next Saturday.,玛戈邀请我们下周六参加她的生日聚会。,高,
人名,名字,12116,Maria,玛丽亚（女名）,Maria speaks three languages fluently.,玛丽亚能流利地说三种语言。,高,
人名,名字,12117,Marie,玛丽（女名）；马里（男名）,Marie decided to study abroad for a year.,玛丽决定出国留学一年。,高,
人名,名字,12121,Marion,玛丽安（女名）,Marion decided to take up painting after visiting the local art museum last summer.,玛丽安去年夏天参观当地艺术博物馆后决定开始学习绘画。,高,
人名,宗教/神话人物,12147,Mars,战神；[天] 火星,Scientists are searching for signs of past life on Mars.,科学家们正在火星上寻找过去生命的迹象。,中,属于宗教或神话专名，不是现实人物姓名
人名,名字,12159,Marty,马蒂•菲尔丁,Marty greeted his classmates with a warm smile every morning.,马蒂每天早上都带着温暖的微笑向同学们打招呼。,高,
人名,历史/艺术人物,12167,Masaccio,马萨乔（意大利画家）,Masaccio was a pioneering Italian painter known for his realistic frescoes.,马萨乔是一位开创性的意大利画家，以逼真的壁画而闻名。,高,
人名,历史/艺术人物,12214,Matisse,马蒂斯（法国画家）,The museum exhibition features several famous paintings by Matisse.,博物馆展览展出了马蒂斯的几幅著名画作。,高,
人名,名字,12243,Mayella,梅耶拉,Mayella testified quietly about what happened that day.,梅耶拉轻声作证那天发生的事情。,高,
人名,历史/艺术人物,12461,Michelangelo,米开朗基罗（意大利文艺复兴雕刻家、画家、建筑师和诗人）,Michelangelo painted the famous ceiling of the Sistine Chapel.,米开朗基罗绘制了西斯廷教堂著名的天顶画。,高,
人名,历史/艺术人物,12763,Monet,莫奈（法国画家）,Students at the art school spent the afternoon studying Monet’s famous water lily paintings.,艺术学校的学生们花了整个下午研究莫奈著名的睡莲画作。,高,
人名,姓氏,12796,Monroe,门罗(m),Marilyn Monroe was a famous Hollywood actress.,玛丽莲·梦露是一位著名的好莱坞女演员。,高,
人名,兼有地名义的人名,13080,Napier,内皮尔（新西兰北岛东岸港口城市）；纳皮尔（人名）,"Every summer, tourists flock to Napier to admire its famous art deco architecture.",每年夏天，游客都涌向内皮尔市欣赏其著名的装饰艺术建筑。,中,同一词条兼有人名和地名义
人名,文学/神话人物,13639,Odysseus,奥德修斯,Odysseus was the hero of Homer's epic poem the Odyssey.,奥德修斯是荷马史诗《奥德赛》中的英雄。,高,
人名,名字,13695,Oliver,奥利弗（男名）,Oliver always arrives at school early to help his teacher prepare the lessons.,奥利弗总是早早到校帮老师准备课程。,高,
人名,名字,13870,Orson,奥森,Orson is going to visit his grandmother this weekend.,奥森这个周末要去看望他的祖母。,高,
人名,兼有普通词义的人名,13876,Oscar,奥斯卡,Winning an Oscar is considered the highest achievement for many actors in the film industry.,赢得奥斯卡奖被电影界许多演员视为最高成就。,中,
人名,名字,13894,Oswald,奥斯瓦尔德,Oswald is a character in Shakespeare's play.,奥斯瓦尔德是莎士比亚戏剧中的一个人物。,高,
人名,兼有普通词义的人名,14135,paddy,稻田（复数paddies）；爱尔兰人；Patrick（男子名）和Patricia（女子名）的昵称,The farmers worked together to plant rice in the flooded paddy.,农民们一起在注水的稻田里种植水稻。,中,最佳例句当前使用普通词义，人名义需人工决定是否清理
人名,名字,14187,Pam,帕姆（女名）,Pam always brings homemade cookies to the office every Friday afternoon.,帕姆每个星期五下午都会给办公室带来自制饼干。,高,
人名,兼有地名义的人名,14276,Paris,巴黎（法国首都）；帕里斯（特洛伊王子）,They dreamed of visiting Paris to see the Eiffel Tower.,他们梦想去巴黎看埃菲尔铁塔。,中,同一词条兼有人名和地名义
人名,名字,14391,Patricia,帕特丽夏（女子名）,Patricia arrived early to the meeting and prepared the presentation materials before anyone else.,帕特丽夏提前到达了会议，并在其他人之前准备好了演示材料。,高,
人名,名字,14408,Paula,葆拉 （女名）,Paula always arrives at the office early to prepare for the day ahead.,葆拉总是提前到达办公室，为接下来的一天做准备。,高,
人名,历史/艺术人物,14410,Pausanias,帕萨尼亚斯（男名；古希腊人名）,The history professor explained how Pausanias traveled across ancient Greece to record its temples.,历史教授解释了帕萨尼亚斯如何穿越古希腊各地记录神庙。,高,
人名,姓氏,14446,Pearce,皮尔斯（姓）,Mr. Pearce taught mathematics at the local high school for over twenty years.,皮尔斯先生在当地高中教授数学超过二十年。,高,
人名,文学/神话人物,14514,Penelope,珀涅罗珀（Odysseus 的忠实妻子）,Penelope waited faithfully for her husband Odysseus to return home.,珀涅罗珀忠实地等待她的丈夫奥德修斯回家。,高,
人名,文学/神话人物,14645,Perseus,珀尔休斯（希腊主神宙斯之女，杀死怪 Medusa 的英雄）,"In Greek mythology, Perseus used a polished shield to defeat the monster Medusa.",在希腊神话中，珀尔修斯用一面抛光的盾牌击败了怪物美杜莎。,高,
人名,历史/艺术人物,14812,Picasso,毕加索（西班牙画家）,Picasso is considered one of the most influential artists of the twentieth century.,毕加索被认为是二十世纪最有影响力的艺术家之一。,高,
人名,姓氏,14816,Pickering,皮克林（姓）,Mr. Pickering is a character in the famous play Pygmalion.,皮克林先生是著名戏剧《卖花女》中的一个角色。,高,
人名,文学/神话人物,15567,Procrustes,普罗克拉斯提斯（古希腊神话传说中 Attica 的一个强盗）,"In the myth, Procrustes would stretch or cut off the legs of his victims to fit his iron bed.",在神话中，普罗克拉斯提斯会拉伸或砍断受害者的腿以适应他的铁床。,高,
人名,文学/神话人物,15939,Pygmalion,皮格马利翁（希腊神话）,The story of Pygmalion is a famous Greek myth about a sculptor who falls in love with his own statue.,皮格马利翁的故事是一个著名的希腊神话，讲述了一位雕塑家爱上自己雕像的故事。,高,
人名,文学/神话人物,16488,Regan,里根,Regan is a character in Shakespeare's play King Lear.,里根是莎士比亚戏剧《李尔王》中的一个角色。,高,
人名,名字,17110,Roderick,罗德里克（男名）,Roderick is my best friend from college and we still meet every week.,罗德里克是我大学时最好的朋友，我们现在仍然每周见面。,高,
人名,兼有普通词义的人名,17112,roger,好；知道了；罗杰（男子名）,The ship captain acknowledged the harbor master's navigation advice by replying roger over the radio.,船长通过对讲机回复“收到”，确认了港务长的航行建议。,中,最佳例句当前使用普通词义，人名义需人工决定是否清理
人名,名字,17142,Rosalyn,罗莎琳（女名）,Rosalyn always brings homemade cookies to the office party.,罗莎琳总是给办公室聚会带自制饼干。,高,
人名,名字,17326,Sally,萨利（女名）,My friend Sally loves to bake cookies for her neighbors on weekends.,我的朋友萨莉喜欢在周末为邻居们烤饼干。,高,
人名,名字,17344,Sam,萨姆（男名）,Sam enjoys playing basketball with his friends after school.,萨姆喜欢在放学后和朋友们一起打篮球。,高,
人名,名字,17350,Samuel,塞缪尔,Samuel practiced the piano every day to prepare for the recital.,塞缪尔每天练习钢琴，为独奏会做准备。,高,
人名,姓氏,17363,Sanders,桑德斯（姓）,Mr. Sanders taught mathematics at the local high school for twenty years.,桑德斯先生在当地高中教了二十年数学。,高,
人名,兼有普通词义的人名,17367,sandy,沙地的；多沙的；含沙的；(Sandy)人名；(法、喀、罗、西、英)桑迪(教名Alasdair、Alastair、Alexander、Alister、Elshender的昵称),"We walked barefoot across the warm, sandy beach during our summer vacation.",暑假期间，我们赤脚走在温暖多沙的海滩上。,中,最佳例句当前使用普通词义，人名义需人工决定是否清理
人名,宗教/神话人物,17399,Satan,撒旦（魔鬼）,Many religious texts describe Satan as the ultimate symbol of evil.,许多宗教文本将撒旦描述为邪恶的终极象征。,中,属于宗教或神话专名，不是现实人物姓名
人名,姓氏,17421,Sato,佐藤（日本姓氏）,Sato is one of the most common family names in Japan.,佐藤是日本最常见的姓氏之一。,高,
人名,文学/神话人物,17605,Scrooge,斯克鲁奇；（非正式）吝啬鬼,My uncle is such a Scrooge; he never wants to spend money on gifts.,我叔叔真是个吝啬鬼；他从不愿意花钱买礼物。,高,
人名,名字,17864,Serena,赛丽娜,Serena is a talented tennis player who has won many championships.,塞雷娜是一位才华横溢的网球运动员，赢得了许多冠军。,高,
人名,历史/艺术人物,17942,Shakespeare,莎士比亚（英国剧作家，诗人）,Shakespeare was a famous English playwright and poet.,莎士比亚是著名的英国剧作家和诗人。,高,
人名,姓氏,18017,Shipley,希普利（姓）,Professor Shipley published several important papers on renewable energy last year.,希普利教授去年发表了几篇关于可再生能源的重要论文。,高,
人名,文学/神话人物,18222,Sinis,西尼斯（古希腊神话中的一个强盗）,"In Greek myth, Sinis was a robber who killed travelers by bending pine trees.",在希腊神话中，西尼斯是一个通过弯曲松树来杀害旅行者的强盗。,高,
人名,姓氏,18307,Slade,斯莱德（姓）,Mr. Slade taught our history class with great enthusiasm last semester.,斯莱德先生上学期以极大的热情教我们的历史课。,高,
人名,姓氏,18432,smith,史密斯（男子姓氏）,The smith shaped hot metal into useful tools using his forge.,铁匠用他的锻造炉把热铁塑造成有用的工具。,中,最佳例句当前使用普通词义，人名义需人工决定是否清理
人名,兼有普通词义的人名,18560,Sol,索尔（男子名，等于Solomon）；（罗马神话）太阳神；黄金,"Ancient civilizations often built temples dedicated to Sol, the sun god.",古代文明经常建造献给太阳神索尔的寺庙。,中,
人名,名字,18624,Sophie,索菲（女名）,Sophie is my best friend at school.,索菲是我在学校最好的朋友。,高,
人名,姓氏,18667,Southerton,萨瑟顿（姓）,Mr. Southerton moved to the quiet village last year and now runs a small bookstore there.,萨瑟顿先生去年搬到了这个安静的村庄，现在在那里经营一家小书店。,高,
人名,兼有普通词义的人名,19409,sue,控告；请求；(Sue)人名；(日)末(名)；(法)休；(英)休(女子教名Susan、Susanna的昵称),"If the company fails to pay you on time, you may need to sue them for breach of contract.",如果公司未能按时付款，你可能需要起诉他们违约。,中,最佳例句当前使用普通词义，人名义需人工决定是否清理
人名,文学/神话人物,19921,Telemachus,忒勒玛科斯（Odysseus 和 Penelope 之子）,Telemachus was the son of Odysseus and Penelope in Greek mythology.,忒勒玛科斯是希腊神话中奥德修斯和佩涅罗佩的儿子。,高,
人名,文学/神话人物,20118,Theseus,忒修斯（希腊神话雅典王子）,"In Greek mythology, Theseus bravely entered the labyrinth to defeat the Minotaur.",在希腊神话中，忒修斯勇敢地进入迷宫击败牛头怪。,高,
人名,名字,20240,Tim,蒂姆（男名）,Tim always arrives at the office before nine o'clock every morning.,蒂姆每天早上总是在九点之前到达办公室。,高,
人名,兼有普通词义的人名,20323,tom,雄性动物（尤指雄猫）；汤姆（人名）；〈美口〉(像汤姆叔一样)逆来顺受,"The orange tom cat sat on the fence, watching the birds in the yard.",那只橘色的雄猫坐在栅栏上，看着院子里的鸟。,中,最佳例句当前使用普通词义，人名义需人工决定是否清理
人名,姓氏,20576,Trent,特伦特（姓）,Mr. Trent moved to London last year to start a new job at the university.,特伦特先生去年搬到了伦敦，在大学开始了一份新工作。,高,
人名,姓氏,20732,Turner,特纳（姓氏）,J.M.W. Turner is famous for his beautiful paintings of light and water.,J.M.W. 特纳以其描绘光影和水景的美丽画作而闻名。,高,
人名,宗教/神话人物,21555,Venus,[天] 金星；维纳斯（爱与美的女神）,Venus is the second planet from the Sun and the brightest object in the night sky after the Moon.,金星是距离太阳第二近的行星，也是夜空中仅次于月亮的最亮天体。,中,属于宗教或神话专名，不是现实人物姓名
人名,名字,22001,weldon,韦尔登（男子名）,My friend Weldon works as a teacher in London.,我的朋友韦尔登在伦敦当老师。,高,
人名,名字,22083,Whitney,惠特尼,Whitney Houston was one of the best-selling music artists of all time.,惠特尼·休斯顿是有史以来最畅销的音乐艺术家之一。,高,
地名,城市/城镇,293,Adelaide,阿德莱德（澳大利亚东南部港市，南澳大利亚前首府）,We plan to visit Adelaide next summer to explore its beautiful coastal parks.,我们计划明年夏天访问阿德莱德，探索那里美丽的海滨公园。,高,
地名,洲/大陆,457,Africa,非洲,Africa is home to some of the world's most diverse wildlife and stunning landscapes.,非洲拥有世界上一些最多样化的野生动物和令人惊叹的风景。,高,
地名,州/省/行政区,558,Alabama,阿拉巴马州（美国的一个州）,"Many tourists visit Birmingham, the largest city in Alabama, to explore its rich civil rights history.",许多游客参观阿拉巴马州最大的城市伯明翰，以探索其丰富的民权历史。,高,
地名,州/省/行政区,564,Alaska,阿拉斯加州,"During winter, many people travel to Alaska to watch the northern lights dance across the dark sky.",冬季，许多人前往阿拉斯加州观看北极光在夜空中舞动。,高,
地名,城市/城镇,566,Albany,奥尔巴尼,Students often take a train from New York City to Albany to tour the historic state capitol building.,学生们经常从纽约市乘火车到奥尔巴尼参观历史悠久的州议会大厦。,高,
地名,山脉/山峰/岩体,662,Alps,阿尔卑斯山,The Alps are a famous mountain range located in Europe.,阿尔卑斯山是位于欧洲的著名山脉。,高,
地名,城市/城镇,774,Amsterdam,阿姆斯特丹（荷兰首都）,Many international students choose to study in Amsterdam because of its excellent universities.,许多国际学生选择去阿姆斯特丹学习，因为那里有优秀的大学。,高,
地名,半岛/区域,899,Antarctic,南极的；南极地区,Scientists study the unique wildlife in the Antarctic to understand how animals survive extreme cold.,科学家研究南极的独特野生动物，以了解动物如何在极端寒冷中生存。,高,
地名,半岛/区域,1101,Arabia,阿拉伯半岛（亚洲西南部，等于Arabian Peninsula）,Arabia is a large peninsula located in the southwest of Asia.,阿拉伯半岛是位于亚洲西南部的一个大半岛。,高,
地名,半岛/区域,1141,Arctic,北极,Scientists are studying how climate change affects the ice in the Arctic region.,科学家正在研究气候变化如何影响北极地区的冰层。,高,
地名,洲/大陆,1249,Asia,亚洲,Asia is the largest continent by both population and land area.,亚洲是人口和陆地面积最大的大洲。,高,
地名,城市/城镇,1360,Athens,雅典（希腊首都）,Tourists flock to Athens every year to visit the ancient ruins and learn about Greek history.,游客每年蜂拥至雅典参观古代遗迹并了解希腊历史。,高,
地名,城市/城镇,1366,Atlanta,亚特兰大（女名；城市名）,Atlanta is the capital of the state of Georgia in the United States.,亚特兰大是美国佐治亚州的首府。,中,同一词条兼有人名和地名义
地名,海洋/海域,1367,Atlantic,大西洋；大西洋的,The Atlantic Ocean separates Europe and America.,大西洋分隔了欧洲和美洲。,高,
地名,城市/城镇,1423,Auckland,奥克兰（新西兰北岛西北岸港口城市）,Auckland is the largest city in New Zealand and is located on the North Island.,奥克兰是新西兰最大的城市，位于北岛。,高,
地名,半岛/区域,1639,balkan,巴尔干半岛(的),The Balkan Peninsula is known for its beautiful mountains and diverse cultures.,巴尔干半岛以其美丽的山脉和多元文化而闻名。,中,
地名,城市/城镇,1699,Barcelona,巴塞罗那（西班牙东北部港口城市）,"Every summer, thousands of tourists visit Barcelona to admire Gaudi's famous architecture.",每年夏天，成千上万的游客参观巴塞罗那，欣赏高迪著名的建筑。,高,
地名,河流/海峡/瀑布,1938,Bering,白令海峡,The Bering Strait separates Asia from North America.,白令海峡把亚洲和北美洲分开。,高,
地名,城市/城镇,1940,Berlin,柏林（德国首都）,Berlin is the capital and largest city of Germany.,柏林是德国的首都和最大城市。,高,
地名,城市/城镇,2288,Boston,波士顿,We took a historic walking tour around Boston to learn about its colonial past.,我们沿着波士顿进行了一次历史徒步游览，了解它的殖民时期过去。,高,
地名,城市/城镇,2385,brea,布雷亚(美国加州地名),"Brea is a city located in Orange County, California.",布雷亚是位于加利福尼亚州奥兰治县的一座城市。,高,
地名,半岛/区域,2589,Burgundy,勃艮第,We enjoyed a glass of fine red wine from the Burgundy region of France.,我们享用了一杯来自法国勃艮第地区的优质红葡萄酒。,高,
地名,城市/城镇,2701,Calgary,卡尔加里（加拿大城市）,Calgary is a beautiful city in western Canada known for its annual Stampede.,卡尔加里是加拿大西部一座美丽的城市，以其一年一度的牛仔节而闻名。,高,
地名,城市/城镇,2702,Cali,卡利（哥伦比亚城市）,Cali is known for its vibrant salsa music scene and warm tropical climate.,卡利以其充满活力的萨尔萨音乐场景和温暖的热带气候而闻名。,高,
地名,州/省/行政区,2707,California,"加利福尼亚,加州",California produces more fruits and vegetables than any other state in the country.,加利福尼亚州生产的果蔬比国内任何其他州都多。,高,
地名,城市/城镇,2755,Canberra,堪培拉,We visited the national gallery in Canberra last summer.,去年夏天我们参观了堪培拉的国立美术馆。,高,
地名,海洋/海域,2867,Caribbean,加勒比海,We went on a cruise through the Caribbean Sea last summer.,去年夏天我们乘坐游轮游览了加勒比海。,高,
地名,城市/城镇,3201,Chicago,芝加哥,Many famous jazz musicians moved to Chicago during the early twentieth century.,许多著名的爵士乐音乐家在二十世纪初搬到了芝加哥。,高,
地名,城市/城镇,3206,chicopee,奇科皮（美国马萨诸塞州西南部城市）,"She moved to Chicopee, Massachusetts, for her new job.",为了新工作，她搬到了马萨诸塞州的奇科皮市。,高,
地名,地标/公园/地理实体,3230,Chinatown,唐人街,We spent the afternoon exploring the vibrant streets of Chinatown.,我们花了整个下午探索唐人街充满活力的街道。,高,
地名,城市/城镇,3281,Christchurch,克莱斯特彻奇（新西兰南岛东岸港口城市）,Christchurch is known as the Garden City of New Zealand.,克莱斯特彻奇被称为新西兰的花园城市。,高,
地名,城市/城镇,3324,Cincinnati,辛辛那提（美国俄亥俄州西南部城市）,We plan to visit Cincinnati next summer to explore its famous music scene.,我们计划明年夏天去辛辛那提探索它著名的音乐场景。,高,
地名,半岛/区域,4271,Cornwall,康沃尔,Cornwall is famous for its beautiful beaches and pasties.,康沃尔以其美丽的海滩和馅饼而闻名。,高,
地名,岛屿,4489,Crete,克里特岛（希腊位于地中海西部的一个岛屿）,Archaeologists continue to uncover ancient ruins on the Greek island of Crete.,考古学家们继续在希腊的克里特岛上发掘古代遗迹。,高,
地名,城市/城镇,4684,Cuzco,库斯科（秘鲁南部城市）,Cuzco is a historic city in Peru that was once the capital of the Inca Empire.,库斯科是秘鲁的一座历史名城，曾是印加帝国的首都。,高,
地名,地标/公园/地理实体,5805,Dollywood,多莱坞（公园名，位于美国）,"Dollywood is a popular theme park in Tennessee, USA.",多莱坞是美国田纳西州一个受欢迎的主题公园。,高,
地名,河流/海峡/瀑布,6814,Euphrates,幼发拉底河,Ancient civilizations thrived along the fertile banks of the Euphrates river.,古代文明在幼发拉底河肥沃的河岸旁繁荣发展。,高,
地名,洲/大陆,6815,Eurasia,欧亚大陆,Eurasia is the combined continental landmass of Europe and Asia.,欧亚大陆是欧洲和亚洲合并的大陆地块。,高,
地名,洲/大陆,6820,Europe,欧洲,Traveling through Europe offers students a chance to experience diverse cultures firsthand.,在欧洲旅行为学生提供了亲身体验多元文化的机会。,高,
地名,州/省/行政区,7719,Florida,佛罗里达镇（位于密苏里州）佛罗里达州（美国州名）,Many tourists visit Florida every winter to enjoy its warm weather and beautiful beaches.,每年冬天都有许多游客前往佛罗里达州，享受那里温暖的气候和美丽的海滩。,高,
地名,地标/公园/地理实体,8199,Futuroscope,观测未来（公园名，位于法国）,"Our family trip to France included a visit to Futuroscope, where we enjoyed many high-tech theme park rides.",我们法国家庭之旅包括参观观测未来主题公园，在那里我们享受了许多高科技游乐设施。,高,
地名,城市/城镇,8382,Georgetown,乔治城（圭亚那首都）,Georgetown is the capital city of Guyana.,乔治城是圭亚那的首都。,高,
地名,州/省/行政区,8383,Georgia,(美)乔治亚州,Georgia is known for its peaches and warm southern hospitality.,乔治亚州以其桃子和热情的南方好客之道而闻名。,高,
地名,半岛/区域,8696,Greenland,格林兰（位于北美洲东北部，世界第一大岛）,"Greenland is the world's largest island, but most of it is covered by ice.",格陵兰是世界上最大的岛屿，但大部分地区都被冰覆盖。,高,
地名,城市/城镇,8697,Greenwich,格林尼治（英城市）,"The Prime Meridian passes through Greenwich, London.",本初子午线穿过伦敦的格林尼治。,高,
地名,州/省/行政区,8917,Hampshire,汉普郡(英国南部之一郡),The historic city of Winchester is located in the beautiful county of Hampshire in southern England.,历史名城温彻斯特位于英格兰南部风景优美的汉普郡。,高,
地名,城市/城镇,8963,Hannibal,汉尼拔（美国城市）,Many families enjoy visiting the historic parks and museums in Hannibal during the summer.,许多家庭喜欢在夏季参观汉尼拔市的历史公园和博物馆。,高,
地名,半岛/区域,9002,Harlem,(纽约的）黑人住宅区,Many famous jazz musicians grew up in Harlem during the twentieth century.,许多著名的爵士乐音乐家在二十世纪于哈莱姆区长大。,高,
地名,州/省/行政区,9061,Hawaii,夏威夷,Many tourists visit Hawaii every year to enjoy its beautiful beaches and warm weather.,每年都有许多游客前往夏威夷，享受那里美丽的海滩和宜人的天气。,高,
地名,山脉/山峰/岩体,9315,Himalaya,喜马拉雅山,The majestic peaks of the Himalaya attract adventurers from around the world.,喜马拉雅山脉的雄伟山峰吸引着世界各地的冒险者。,高,
地名,城市/城镇,9366,Hobart,奥巴特（澳大利亚塔斯马尼亚岛东南岸港市）,We spent our holiday exploring the historic streets and waterfront markets of Hobart.,我们花了假期探索霍巴特的历史街道和海滨市场。,高,
地名,半岛/区域,9397,Hollywood,好莱坞,Many aspiring actors move to Hollywood hoping to find success in the film industry.,许多有抱负的演员搬向好莱坞，希望能在电影业取得成功。,高,
地名,城市/城镇,9564,Houston,休斯顿（美国城市）,We plan to visit Houston next summer to explore its famous space center.,我们计划明年夏天访问休斯顿，探索其著名的航天中心。,高,
地名,州/省/行政区,9806,Illinois,伊利诺斯州(美国州名),Many families move to Illinois every year to find better job opportunities in Chicago.,每年都有许多家庭搬到伊利诺伊州，以便在芝加哥找到更好的工作机会。,高,
地名,州/省/行政区,10191,Indiana,印地安那州,My cousin moved to Indiana last year to start a new job in Indianapolis.,我表哥去年搬到印第安纳州，在印第安纳波利斯开始了一份新工作。,高,
地名,河流/海峡/瀑布,10251,Indus,印度河（印度西北部的河流）,The Indus River flows through Pakistan and is vital for agriculture.,印度河流经巴基斯坦，对农业至关重要。,高,
地名,州/省/行政区,11829,Iowa,爱荷华州(美国中西部的一州),My cousin moved to Iowa to work on a farm in the Midwest.,我表哥搬到爱荷华州去中西部的一个农场工作。,高,
地名,岛屿,10914,Ithaca,伊萨卡岛（希腊西部爱奥尼海中亚群岛之一）,Homer's Odyssey tells the story of Odysseus's journey back to Ithaca.,荷马的《奥德赛》讲述了奥德修斯返回伊萨卡岛的旅程。,高,
地名,城市/城镇,11014,Johannesburg,约翰内斯堡（南非城市）,Many international business conferences are held annually in Johannesburg.,每年都有许多国际商业会议在约翰内斯堡举行。,高,
地名,地标/公园/地理实体,11091,Kakadu,卡卡杜湾,Tourists flock to Kakadu National Park to see its stunning waterfalls and diverse wildlife.,游客们蜂拥至卡卡杜国家公园，欣赏其壮丽的瀑布和多样的野生动物。,高,
地名,城市/城镇,11115,Kent,肯特,Kent is known as the Garden of England for its beautiful countryside.,肯特因其美丽的乡村而被称为英格兰的花园。,高,
地名,城市/城镇,11218,Konigsberg,哥尼斯堡（俄罗斯港市Kaliningrad的旧称）,The historic city of Konigsberg was renamed Kaliningrad after World War II.,历史名城哥尼斯堡在二战后被更名为加里宁格勒。,高,
地名,山脉/山峰/岩体,11222,Kosciuszko,科西阿斯科山（位于澳大利亚东南部）,Hikers climbed Mount Kosciuszko early in the morning to catch the sunrise over the snow-capped peak.,徒步旅行者一大早就攀登科西阿斯科山，以便在积雪覆盖的山峰上观赏日出。,高,
地名,城市/城镇,11376,Lausanne,洛桑（瑞士城市）,Lausanne is a beautiful city located on the shores of Lake Geneva in Switzerland.,洛桑是瑞士日内瓦湖畔一座美丽的城市。,高,
地名,城市/城镇,11484,Leningrad,列宁格勒（苏联城市）,Many historical books describe the difficult winter siege of Leningrad during World War II.,许多历史书籍描述了二战期间列宁格勒艰难的冬季围城战。,高,
地名,城市/城镇,11602,Lima,利马（秘鲁首都）,Lima is the capital and largest city of Peru.,利马是秘鲁的首都和最大城市。,高,
地名,城市/城镇,11767,lomas,洛马斯(阿根廷东部的一城镇),Lomas is known for its beautiful residential neighborhoods near Buenos Aires.,洛马斯以其靠近布宜诺斯艾利斯的美丽住宅区而闻名。,高,
地名,城市/城镇,11768,London,伦敦,Many tourists visit London every year to see famous landmarks like Big Ben.,每年都有许多游客去伦敦参观大本钟等著名地标。,高,
地名,半岛/区域,11908,Macao,澳门,Macao is famous for its unique blend of Portuguese architecture and Chinese culture.,澳门以其独特的葡萄牙建筑与中国文化的融合而闻名。,高,
地名,城市/城镇,11929,Madison,麦迪逊,Madison is the capital of the American state of Wisconsin.,麦迪逊是美国威斯康星州的首府。,高,
地名,州/省/行政区,11969,Maine,缅因州(美国东北角的州),Maine is famous for its delicious lobster and beautiful coastal scenery.,缅因州以其美味的龙虾和美丽的海岸风光而闻名。,高,
地名,岛屿,12055,Manhattan,曼哈顿岛；曼哈顿区（纽约市中心）,Many tourists visit Manhattan every year to see famous landmarks like Times Square.,每年都有许多游客去曼哈顿参观时代广场等著名地标。,高,
地名,城市/城镇,12148,Marseille,马赛(法国港口城市),Marseille is a major port city in the south of France.,马赛是法国南部的一个主要港口城市。,高,
地名,州/省/行政区,12179,Massachusetts,马萨诸塞(美国州名),"Many famous universities are located in Massachusetts, making it a popular destination for international students.",许多著名大学位于马萨诸塞州，使其成为国际学生的热门目的地。,高,
地名,海洋/海域,12300,Mediterranean,地中海；地中海的,The Mediterranean Sea is known for its warm climate and beautiful coastal cities.,地中海以其温暖的气候和美丽的沿海城市而闻名。,高,
地名,河流/海峡/瀑布,12314,Mekong,湄公河,The Mekong River flows through several Southeast Asian countries.,湄公河流经多个东南亚国家。,高,
地名,城市/城镇,12319,Melbourne,墨尔本（澳大利亚东南部港市，维多利亚州首府）,Melbourne is famous for its vibrant arts scene and excellent coffee culture.,墨尔本以其充满活力的艺术场景和优秀的咖啡文化而闻名。,高,
地名,城市/城镇,12456,Miami,迈阿密(美国佛罗里州达东南部港市),Many tourists visit Miami every winter to enjoy the warm weather and beautiful beaches.,许多游客每年冬天都去迈阿密享受温暖的天气和美丽的海滩。,高,
地名,州/省/行政区,12462,Michigan,密歇根州(美国州名),Michigan is known for its Great Lakes and automotive industry.,密歇根州以其五大湖和汽车工业而闻名。,高,
地名,半岛/区域,12489,Midlands,英格兰中部地区（英）,Birmingham is a major city in the English Midlands.,伯明翰是英格兰中部地区的一个主要城市。,高,
地名,城市/城镇,12576,Minneapolis,明尼苏达[美国州名],Minneapolis is known for its beautiful lakes and vibrant arts scene.,明尼阿波利斯以其美丽的湖泊和蓬勃发展的艺术氛围而闻名。,高,
地名,州/省/行政区,12577,Minnesota,明尼苏达州(美国州名),Minnesota is known for its harsh winters and friendly locals who love hockey.,明尼苏达州以其严酷的冬天和热爱曲棍球的友好当地人而闻名。,高,
地名,河流/海峡/瀑布,12662,Mississippi,密西西比河；密西西比州（美国州名）,The Mississippi River is one of the longest and most important rivers in North America.,密西西比河是北美最长、最重要的河流之一。,高,兼指密西西比河和密西西比州
地名,州/省/行政区,12665,Missouri,密苏里州（美国州名）,Kansas City is located in both Kansas and Missouri.,堪萨斯城位于堪萨斯州和密苏里州两地。,高,
地名,城市/城镇,12802,Montgomery,蒙哥马利（城市名）,Montgomery is the capital city of the state of Alabama.,蒙哥马利是阿拉巴马州的首府城市。,高,
地名,城市/城镇,12867,Moscow,莫斯科,Moscow is the capital and largest city of Russia.,莫斯科是俄罗斯的首都和最大城市。,高,
地名,城市/城镇,12985,Munich,慕尼黑,We plan to visit Munich next autumn to experience the famous Oktoberfest celebration.,我们计划明年秋天去慕尼黑体验著名的啤酒节庆典。,高,
地名,城市/城镇,13065,Nagoya,名古屋（日本港市）,We plan to visit Nagoya next month to explore its famous temples and try local cuisine.,我们计划下个月去名古屋参观著名的寺庙并品尝当地美食。,高,
地名,城市/城镇,13080,Napier,内皮尔（新西兰北岛东岸港口城市）；纳皮尔（人名）,"Every summer, tourists flock to Napier to admire its famous art deco architecture.",每年夏天，游客都涌向内皮尔市欣赏其著名的装饰艺术建筑。,中,同一词条兼有人名和地名义
地名,州/省/行政区,13241,Nevada,内华达州(美国西部内陆州),Las Vegas is a famous city located in Nevada.,拉斯维加斯是位于内华达州的一座著名城市。,高,
地名,河流/海峡/瀑布,13262,Niagara,尼亚加拉（河；瀑布）,They took a boat tour to see Niagara Falls up close.,他们乘船游览，近距离观赏尼亚加拉瀑布。,高,
地名,地标/公园/地理实体,13479,Nullarbor,纳拉伯平原（位于澳大利亚西南部，火箭制造基地和试验场）,We drove across the vast and dry Nullarbor Plain during our road trip through Australia.,我们在澳大利亚公路旅行期间驾车穿越了广阔干燥的纳拉伯平原。,高,
地名,城市/城镇,13519,Oakland,奥克兰(美国加利福尼亚州西部城市),Oakland is a major port city on the east side of San Francisco Bay.,奥克兰是旧金山湾东侧的一个重要港口城市。,高,
地名,洲/大陆,13614,Oceania,大洋洲,Oceania includes many island nations like Australia and New Zealand.,大洋洲包括许多岛屿国家，如澳大利亚和新西兰。,高,
地名,地标/公园/地理实体,13673,ogallala,奥加拉拉(美国地名),The Ogallala Aquifer is a vital water source for agriculture in the Great Plains.,奥加拉拉含水层是大平原地区农业的重要水源。,高,最佳例句指 Ogallala Aquifer
地名,州/省/行政区,13677,Ohio,俄亥俄州(美国州名),Ohio is a state located in the Midwestern region of the United States.,俄亥俄州是位于美国中西部地区的一个州。,高,
地名,州/省/行政区,13686,Oklahoma,俄克拉荷马州,Oklahoma is located in the south-central region of the United States.,俄克拉荷马州位于美国中南部地区。,高,
地名,州/省/行政区,13733,Ontario,安大略湖[北美洲],Toronto is the largest city in the province of Ontario.,多伦多是安大略省最大的城市。,高,可指安大略湖或安大略省
地名,州/省/行政区,13831,Oregon,俄勒冈州(美国州名),Oregon is known for its beautiful coastline and dense forests.,俄勒冈州以其美丽的海岸线和茂密的森林而闻名。,高,
地名,城市/城镇,13900,Ottawa,渥太华（加拿大首都）,We plan to visit the National Gallery of Canada during our trip to Ottawa next spring.,我们计划明年春天去渥太华旅行期间参观加拿大国家美术馆。,高,
地名,海洋/海域,14121,Pacific,太平洋的,The Pacific Ocean is the largest and deepest ocean on the planet.,太平洋是地球上最大、最深的海洋。,高,
地名,城市/城镇,14276,Paris,巴黎（法国首都）；帕里斯（特洛伊王子）,They dreamed of visiting Paris to see the Eiffel Tower.,他们梦想去巴黎看埃菲尔铁塔。,中,同一词条兼有人名和地名义
地名,州/省/行政区,14529,Pennsylvania,宾夕法尼亚州（美国州名）,Philadelphia is the largest city in Pennsylvania.,费城是宾夕法尼亚州最大的城市。,高,
地名,城市/城镇,14681,Perth,珀思（澳大利亚西南部港口城市）,Perth is a beautiful city located on the west coast of Australia.,珀斯是位于澳大利亚西海岸的一座美丽城市。,高,
地名,城市/城镇,14745,Philadelphia,费城（美国宾西法尼亚州重要港口）,We spent our weekend exploring the historic streets and enjoying famous cheesesteaks in Philadelphia.,我们周末在费城探索历史街道并享用著名的芝士牛排三明治。,高,
地名,地标/公园/地理实体,15122,Pompeii,庞培（意大利古都）,Archaeologists continue to study Pompeii to learn more about daily life in ancient Rome.,考古学家继续研究庞培城，以了解更多古罗马的日常生活。,高,
地名,城市/城镇,15883,Puno,普诺（秘鲁）,Puno is a city located on the shores of Lake Titicaca in Peru.,普诺是秘鲁提提卡卡湖畔的一座城市。,高,
地名,山脉/山峰/岩体,15949,Qomolangma,珠穆朗玛峰,Climbers prepare for months before attempting to reach the summit of Qomolangma.,登山者在尝试登顶珠穆朗玛峰之前会准备数月。,高,
地名,城市/城镇,16019,quincy,昆西(美国伊利诺斯州西部一城市),We decided to visit Quincy to explore its historic waterfront district.,我们决定去昆西参观，探索其历史悠久的海滨区。,高,
地名,城市/城镇,16984,Reykjavik,雷克雅末(冰岛首都),Reykjavik is known for its vibrant cultural scene and stunning northern lights displays.,雷克雅未克以其充满活力的文化景观和壮观的北极光表演而闻名。,高,
地名,城市/城镇,17128,Rome,罗马（意大利首都）,Rome is famous for its ancient ruins and delicious Italian cuisine.,罗马以其古代遗迹和美味的意大利美食而闻名。,高,
地名,城市/城镇,17238,Rusia,鲁西亚（地名）,My friend comes from a small town called Rusia.,我的朋友来自一个叫鲁西亚的小镇。,中,释义仅标注为地名，具体地点信息不足
地名,半岛/区域,17478,scandinavia,斯堪的纳维亚（北欧地名）,"Scandinavia includes countries like Norway, Sweden, and Denmark.",斯堪的纳维亚包括挪威、瑞典和丹麦等国家。,高,
地名,城市/城镇,17673,Seattle,西雅图（美国城市）,We plan to visit Seattle next spring to explore its famous coffee shops and parks.,我们计划明年春天访问西雅图，探索那里著名的咖啡店和公园。,高,
地名,城市/城镇,17959,shanghai,上海（中国东部港市）,Shanghai is one of the most vibrant and populous cities in the world.,上海是世界上最充满活力、人口最多的城市之一。,高,
地名,岛屿,18118,Sicily,西西里岛（意大利南部）,Sicily is the largest island in the Mediterranean Sea.,西西里岛是地中海最大的岛屿。,高,
地名,城市/城镇,18954,Stamford,斯坦福德[美国康涅狄格州西南部城市],Many people commute from Stamford to New York City for work every day.,许多人每天从斯坦福德通勤到纽约市上班。,高,
地名,地标/公园/地理实体,19127,Stonehenge,巨石阵,Stonehenge is one of the most famous prehistoric monuments in the world.,巨石阵是世界上最著名的史前纪念碑之一。,高,
地名,地标/公园/地理实体,19185,Stratford-on-Avon,埃文河畔斯特拉特福镇（莎翁故乡）,Many literature fans travel to Stratford-on-Avon to visit Shakespeare's birthplace.,许多文学爱好者前往埃文河畔斯特拉特福镇参观莎士比亚的故居。,高,
地名,城市/城镇,19678,Sydney,悉尼,Sydney is famous for its beautiful harbor and Opera House.,悉尼以其美丽的海港和歌剧院而闻名。,高,
地名,岛屿,19767,Tahiti,塔西提岛（位于太平洋）,Tahiti is a beautiful island in the South Pacific.,塔西提岛是南太平洋上一个美丽的岛屿。,高,
地名,州/省/行政区,19846,Tasmania,"塔斯马尼亚岛, 塔斯马尼亚州(澳大利亚州名)",Tasmania is an island state of Australia known for its unique wildlife.,塔斯马尼亚是澳大利亚的一个岛州，以其独特的野生动物而闻名。,高,
地名,州/省/行政区,19977,Tennessee,田纳西州,Nashville is the capital city of Tennessee and famous for its country music.,纳什维尔是田纳西州的首府，以其乡村音乐而闻名。,高,
地名,州/省/行政区,20044,Texas,德克萨斯州（美国州名）,Texas is the second largest state in the United States.,德克萨斯州是美国第二大州。,高,
地名,河流/海峡/瀑布,20055,Thames,"泰晤士河(流经牛津,伦敦等)",A boat tour along the River Thames offers stunning views of London landmarks.,沿泰晤士河的游船之旅提供了伦敦地标建筑的壮丽景色。,高,
地名,半岛/区域,20214,Tibet,西藏（中国一自治区）,Tibet is known for its stunning mountain scenery and unique culture.,西藏以其壮丽的山景和独特的文化而闻名。,高,
地名,岛屿,20255,Timor,帝汶岛（位于东南亚）,Many travelers visit Timor to explore its beautiful beaches and rich cultural history.,许多游客前往帝汶岛，探索那里美丽的海滩和丰富的历史文化。,高,
地名,城市/城镇,20315,Tokyo,东京（日本首都）,Tokyo is the capital city of Japan.,东京是日本的首都。,高,
地名,城市/城镇,20366,Toronto,多伦多,Many international students choose to study at universities in Toronto because of its diverse culture.,许多国际学生选择在多伦多的大学学习，因为其文化多元。,高,
地名,半岛/区域,20502,Transkei,特兰斯凯（南非东南部一地区）,The historical region of Transkei is located in the southeastern part of South Africa.,历史上的特兰斯凯地区位于南非东南部。,高,
地名,岛屿,20614,Trinidad,特立尼达岛,Trinidad is the larger island in the nation of Trinidad and Tobago.,特立尼达岛是特立尼达和多巴哥共和国中较大的岛屿。,高,
地名,城市/城镇,20738,Turpan,吐鲁番,Turpan is well known for its delicious grapes and extremely hot summer weather.,吐鲁番以其美味的葡萄和极其炎热的夏季天气而闻名。,高,
地名,山脉/山峰/岩体,20816,Uluru,乌卢鲁，埃尔斯岩（Ayres Rock）的土著名,Uluru is a sacred site for the Indigenous Australian people.,乌卢鲁是澳大利亚原住民的圣地。,高,
地名,州/省/行政区,21400,Utah,"犹他州(略作Ut,UT)","Last summer, we drove through Utah to see the stunning red rock formations and national parks.",去年夏天，我们驾车穿越犹他州，欣赏了壮观的红色岩石地貌和国家公园。,高,
地名,城市/城镇,21463,Vancouver,温哥华（加拿大城市）,Vancouver is known for its beautiful mountains and ocean views.,温哥华以其美丽的山景和海景而闻名。,高,
地名,城市/城镇,21539,Venice,威尼斯(意大利港市),Tourists love to take a gondola ride through the historic canals of Venice.,游客喜欢乘坐贡多拉船游览威尼斯的历史运河。,高,
地名,州/省/行政区,21899,Washington,华盛顿,"Washington, D.C. is the capital of the United States.",华盛顿特区是美国的首都。,高,"最佳例句指 Washington, D.C."
地名,城市/城镇,22006,welland,韦兰（加拿大东南部港口城市）,Welland is known for its historic canal that connects two Great Lakes.,韦兰以其连接两大湖的历史运河而闻名。,高,
地名,州/省/行政区,22364,Yorkshire,"约克郡,约克夏(英国英格兰原郡名)",Many visitors travel to Yorkshire to explore its beautiful countryside and historic castles.,许多游客前往约克郡探索那里美丽的乡村和历史悠久的城堡。,高,
地名,半岛/区域,22377,Yucatan,尤卡坦半岛,Travelers often visit the Yucatan Peninsula to explore ancient Mayan ruins and enjoy the beautiful beaches.,游客经常前往尤卡坦半岛探索古老的玛雅遗迹并享受美丽的海滩。,高,
地名,山脉/山峰/岩体,22381,zagros,扎格罗斯山脉[伊朗西南部],The Zagros Mountains stretch across western Iran near the border with Iraq.,扎格罗斯山脉横跨伊朗西部，靠近伊拉克边境。,高,
地名,岛屿,22386,Zealand,西兰岛(丹麦最大的岛),"Copenhagen, the capital of Denmark, is located partly on the island of Zealand.",丹麦首都哥本哈根部分位于西兰岛上。,高,
